#,NPSN,Sekolah,Provinsi,Rerata,Tertinggi,Terendah,Std. Deviasi,Jenis
1,20109933,SMAN UNGGULAN M.H. THAMRIN,DKI Jakarta,"601,683","653,223","516,063","28,62",SMA
2,20623314,MAN INSAN CENDEKIA SERPONG,Banten,"599,654","661,865","509,688","33,37",MA
3,10263538,SMAS UNGGUL DEL,Sumatera Utara,"598,523","654,295","492,703","28,89",SMA
4,20102568,SMAN 8 JAKARTA,DKI Jakarta,"594,865","653,18","461,575","31,02",SMA
5,20532248,SMAN 5 SURABAYA,Jawa Timur,"594,605","675,373","476,443","31,91",SMA
6,20101306,SMAS 1 KRISTEN BPK PENABUR,DKI Jakarta,"594,437","653,618","485,935","32,85",SMA
7,20219730,SMAS BPK 1 PENABUR BANDUNG,Jawa Barat,"592,52","654,745","498,65","31,75",SMA
8,20104413,SMAS DIAN HARAPAN,DKI Jakarta,"589,811","649,075","499,89","39,79",SMA
9,20403174,SMAN 1 YOGYAKARTA,DI Yogyakarta,"588,002","662,698","429,603","34,25",SMA
10,20532145,SMA KATOLIK ST.LOUIS 1,Jawa Timur,"587,81","651,863","511,763","31,73",SMA
11,30315142,SMAN BANUA KAL SEL,Kalimantan Selatan,"586,834","639,368","492,293","31,42",SMA
12,20403178,SMAN 3 YOGYAKARTA,DI Yogyakarta,"585,96","670,06","488,673","34,08",SMA
13,20107319,SMAN 28 JAKARTA,DKI Jakarta,"585,437","660,613","500,708","30,11",SMA
14,20103301,SMAN 81 JAKARTA,DKI Jakarta,"585,048","656,79","460,648","35,06",SMA
15,20532136,SMAS KRISTEN PETRA 2 SURABAYA,Jawa Timur,"584,729","654,373","506,908","33,06",SMA
16,20100170,SMAS KANISIUS JAKARTA,DKI Jakarta,"584,684","647,395","506,95","32,88",SMA
17,20613520,SMAS SANTA LAURENSIA,Banten,"584,01","640,62","538,883","29,96",SMA
18,20403161,SMAN 8 YOGYAKARTA,DI Yogyakarta,"583,676","658,238","475,623","33,59",SMA
19,20219731,SMAS BINA BHAKTI 1,Jawa Barat,"582,568","637,85","440,128","45,98",SMA
20,20110335,SMAS KRISTEN 6 PENABUR,DKI Jakarta,"582,07","638,375","528,033","29,99",SMA
21,20100187,SMAS KRISTEN 3 PENABUR JAKARTA,DKI Jakarta,"581,589","646,3","520,143","30,84",SMA
22,20100601,SMAS KRISTEN 5 BPK PENABUR,DKI Jakarta,"581,585","653,205","501,073","33,27",SMA
23,20219263,SMAS ALLOYSIUS 1,Jawa Barat,"581,123","646,988","481,745","36,18",SMA
24,20603357,SMAS KRISTEN BPK PENABUR GADING SERPONG,Banten,"580,709","641,455","448,723","33,05",SMA
25,20108383,SMAS SANTA URSULA,DKI Jakarta,"580,44","635,835","503,538","33,57",SMA
26,20109467,SMAS KRISTEN IPEKA PURI INDAH,DKI Jakarta,"580,165","635,518","511,888","36,18",SMA
27,20603376,SMAS SANTA URSULA BSD,Banten,"579,837","660,42","486,9","33,73",SMA
28,20107313,SMA LABSCHOOL KEBAYORAN,DKI Jakarta,579,"654,923","468,173","37,96",SMA
29,20102214,SMAN 34 JAKARTA,DKI Jakarta,"577,815","647,62","484,975","34,11",SMA
30,20616061,SMAS PAHOA,Banten,"577,767","652,275","362,283","55,6",SMA
31,20403177,SMAN 2 YOGYAKARTA,DI Yogyakarta,"577,078","653,543","488,73","31,7",SMA
32,20616291,SMAS ATHALIA,Banten,"576,357","643,128","498,613","42,04",SMA
33,20328915,SMAS KOLESE LOYOLA,Jawa Tengah,"576,114","655,025","498,55","31,5",SMA
34,20328895,SMA NEGERI 03,Jawa Tengah,"575,833","654,203","398,56","36,97",SMA
35,20327966,SMAN 1 SURAKARTA,Jawa Tengah,"575,671","651,775","490,413","33,17",SMA
36,60728785,MAN Insan Cendekia Gorontalo,Gorontalo,"575,538","645,675","444,895","35,02",MA
37,69895400,SMA BPK PENABUR HOLIS,Jawa Barat,"575,228","623,703","487,223","35,2",SMA
38,69787002,SMAK PENABUR KOTA TANGERANG,Banten,"575,117","649,7","444,39","40,4",SMA
39,20220342,SMAN 1 BOGOR,Jawa Barat,"574,94","681,885","436,513","40,01",SMA
40,20533665,SMAN 3,Jawa Timur,"574,806","656,79","447,24","37,74",SMA
41,20403171,SMAN 6 YOGYAKARTA,DI Yogyakarta,"574,582","642,273","458,115","33,49",SMA
42,20533654,SMAS K KOLESE ST YUSUP,Jawa Timur,"574,527","650,7","432,91","39,82",SMA
43,20101622,SMAN 2 JAKARTA,DKI Jakarta,"574,511","664,248","496,863",33,SMA
44,20100199,SMAN 68 JAKARTA,DKI Jakarta,"573,89","641,048","442,178","34,75",SMA
45,69941723,MAN INSAN CENDEKIA PEKALONGAN,Jawa Tengah,"573,763","641,908","473,25","34,64",MA
46,20101588,SMAN 78 JAKARTA,DKI Jakarta,"572,779","647,73","444,698","40,8",SMA
47,20400405,SMA NEGERI 1 BANTUL,DI Yogyakarta,"572,747","646,158","484,05","32,38",SMA
48,20107383,SMAS KRISTEN IPEKA SUNTER,DKI Jakarta,"572,583","645,29","499,42","37,27",SMA
49,20219327,SMAN 3 BANDUNG,Jawa Barat,"572,43","652,558","442,395","39,85",SMA
50,20101305,SMAS 4 KRISTEN PENABUR,DKI Jakarta,"572,404","630,775","452,77","33,48",SMA
51,20403162,SMAN 9 YOGYAKARTA,DI Yogyakarta,"572,032","638,053","479,125","30,2",SMA
52,20532230,SMAN 2 SURABAYA,Jawa Timur,"571,169","661,545","440,665","33,71",SMA
53,20219266,SMAS ST ANGELA,Jawa Barat,"571,101","650,665","482,46","37,5",SMA
54,20103307,SMAN 61 JAKARTA,DKI Jakarta,"571,055","640,77","495,153","32,74",SMA
55,20103314,SMAN 48 JAKARTA,DKI Jakarta,"570,644","649,258","469,795","32,9",SMA
56,10210848,SMAS SUTOMO 1,Sumatera Utara,"570,339","653,08","458,25","38,31",SMA
57,20253810,SMAS DON BOSCO III,Jawa Barat,"569,568","655,768","471,948","45,92",SMA
58,20533660,SMAN 1,Jawa Timur,"569,392","652,298","433,745","36,31",SMA
59,11002581,SMAS MAITREYAWIRA,Kepulauan Riau,"569,272","631,865","462,405","40,26",SMA
60,20107299,SMAS GONZAGA JAKARTA,DKI Jakarta,"569,183","647,69","476,05","33,44",SMA
61,20580050,MAN 2 KOTA MALANG,Jawa Timur,"569,116","653,183","463,013","39,8",MA
62,20523844,SMAN 1 JEMBER,Jawa Timur,"568,997","657,398","447,745","35,49",SMA
63,20606507,SMAS UPH COLEGE,Banten,"568,948","639,613","443,908","38,43",SMA
64,20403180,SMAN 5 YOGYAKARTA,DI Yogyakarta,"568,833","657,99","481,54","31,72",SMA
65,20100603,SMAS KRISTEN YUSUF,DKI Jakarta,"568,783","624,578","497,348","31,42",SMA
66,20219728,SMAS BPK 2 PENABUR,Jawa Barat,"568,477","662,103","479,185","33,61",SMA
67,20606853,SMAN 1 TANGERANG,Banten,"568,445","663,408","435,513","39,33",SMA
68,20104424,SMAS KRISTEN IPEKA TOMANG,DKI Jakarta,"568,185","648,145","473,19","50,03",SMA
69,20501706,SMAN 1 SIDOARJO,Jawa Timur,"568,181","658,918","443,898","39,07",SMA
70,20102218,SMAN 26 JAKARTA,DKI Jakarta,"568,055","643,668","459,855","35,11",SMA
71,20223020,SMAN 1 BEKASI,Jawa Barat,"567,88","649,868","407,148","43,27",SMA
72,20614920,SMA BINA NUSANTARA SERPONG,Banten,"567,455","632,378","512,265","32,94",SMA
73,10303611,SMAN 1 PADANG PANJANG,Sumatera Barat,"567,442","628,16","470,515","30,17",SMA
74,60724799,SMAS DARMA YUDHA,Riau,"567,388","642,878","483,663","46,56",SMA
75,20306202,SMAN 1 PURWOREJO,Jawa Tengah,"567,344","655,28","463,9","34,3",SMA
76,10310903,SMAN 1 SUMATERA BARAT,Sumatera Barat,"567,324","639,74","441,058","42,92",SMA
77,20309676,SMAN 1 KLATEN,Jawa Tengah,"567,303","657,055","458,18","32,98",SMA
78,20107304,SMAS ISLAM AL-AZHAR 1 JAKARTA,DKI Jakarta,"566,849","644,418","454,588","40,1",SMA
79,20103228,SMAS KRISTEN 7 BPK PENABUR JAKARTA,DKI Jakarta,"566,385","635,478","475,253","37,58",SMA
80,20223819,SMAN 1 KOTA DEPOK,Jawa Barat,"566,208","659,1","441,123","46,76",SMA
81,20305010,SMAN 1 KEBUMEN,Jawa Tengah,"565,842","659,738","455,383","35,65",SMA
82,20500479,SMAN 1 GRESIK,Jawa Timur,"565,837","671,2","434,45","37,93",SMA
83,69873999,SMA KRISTEN PENABUR KOTA WISATA,Jawa Barat,"565,803","635,585","449,665","40,63",SMA
84,20219279,SMAS TRINITAS BANDUNG,Jawa Barat,"565,798","619,14","477,695","32,09",SMA
85,20327563,SMAN 1 MAGELANG,Jawa Tengah,"565,676","648,583","452,288","37,13",SMA
86,20532135,SMAS KRISTEN PETRA 1,Jawa Timur,"565,585","640,248","472,598","43,15",SMA
87,20103284,SMAN 14 JAKARTA,DKI Jakarta,"565,317","662,005","456,63","37,13",SMA
88,20100799,SMAS SANTO YAKOBUS JAKARTA,DKI Jakarta,"565,228","639,67","482,018","38,44",SMA
89,20101589,SMAN 65 JAKARTA,DKI Jakarta,"564,86","653,158","476,03","31,91",SMA
90,20220343,SMAS REGINA PACIS,Jawa Barat,"564,821","650,878","469,378","36,85",SMA
91,20102193,SMAN 47 JAKARTA,DKI Jakarta,"564,735","651,615","468,433","41,45",SMA
92,20402126,SMAN 1 WONOSARI,DI Yogyakarta,"564,457","664,065","478,393","33,05",SMA
93,20328867,SMA NEGERI 01,Jawa Tengah,"564,32","644,303","463,573","36,86",SMA
94,20328447,SMAN 1 SALATIGA,Jawa Tengah,"563,852","654,025","461,338","35,37",SMA
95,20252198,SMA TALENTA,Jawa Barat,"563,837","640,425","498,82","35,89",SMA
96,20532237,SMAN 15 SURABAYA,Jawa Timur,"563,729","640,09","445,338","35,12",SMA
97,20103283,SMAN 21 JAKARTA,DKI Jakarta,"563,109","652,515","468,29","35,3",SMA
98,20102570,SMAN 70 JAKARTA,DKI Jakarta,"563,087","651,76","432,643","36,07",SMA
99,20613524,SMAS TARAKANITA GADING SERPONG,Banten,"563,002","663,053","451,093","46,72",SMA
100,20321438,SMA NEGERI 1 TEMANGGUNG,Jawa Tengah,"562,953","645,935","431,17","33,91",SMA
101,20504500,SMAN 1 BOJONEGORO,Jawa Timur,"562,854","660,085","459,82","34,24",SMA
102,20308449,SMAN 1 BOYOLALI,Jawa Tengah,"562,809","649,78","467,53","32,12",SMA
103,20400381,SMA NEGERI 2 BANTUL,DI Yogyakarta,"562,761","637,07","441,598","32,29",SMA
104,20327968,SMAN 3 SURAKARTA,Jawa Tengah,"562,506","645,483","458,27","34,29",SMA
105,20220332,SMAN 3 BOGOR,Jawa Barat,"562,431","656,61","440,443","45,23",SMA
106,20112503,SMAS K CALVIN,DKI Jakarta,"562,359","616,565","505,793","30,87",SMA
107,20401145,SMAN 1 KALASAN,DI Yogyakarta,"562,218","640,578","476,618","31,61",SMA
108,10259371,SMAS METHODIST 3 MEDAN,Sumatera Utara,"562,217","653,503","463,61","44,84",SMA
109,20534124,SMAN 2 MADIUN,Jawa Timur,"562,183","656,505","453,295","39,12",SMA
110,20307712,SMAN 1 MUNTILAN,Jawa Tengah,"561,635","650,77","445,238","30,79",SMA
111,20607805,SMAN CMBBS,Banten,"561,133","652,38","444,515","44,18",SMA
112,69986554,SMA KRISTEN PENABUR KOTA JABABEKA,Jawa Barat,"560,911","662,763","480,158","47,96",SMA
113,20101332,SMAS BUNDA HATI KUDUS,DKI Jakarta,"560,881","641,13","474,968","46,49",SMA
114,20100806,SMAN 13 JAKARTA,DKI Jakarta,"560,701","655,478","458,44","33,54",SMA
115,20613477,SMAN 2 KOTA TANGERANG SELATAN,Banten,"560,653","646,883","408,78","42,92",SMA
116,10100170,SMA NEGERI MODAL BANGSA,Aceh,"560,577","650,523","434,885","41,26",SMA
117,20247147,SMAS PESANTREN UNGGUL AL BAYAN,Jawa Barat,"560,563","638,003","473,783","34,7",SMA
118,20329517,SMA Negeri 1 Pekalongan,Jawa Tengah,"560,374","649,588","454,143","39,01",SMA
119,20615025,SMAS PENABUR BINTARO,Banten,"560,336","655,628","453,218",42,SMA
120,20307644,SMAS PANGUDI LUHUR VAN LITH,Jawa Tengah,"560,084","644,373","472,008","37,93",SMA
121,20532131,SMAS KATOLIK FRATERAN,Jawa Timur,"559,81","641,34","440,473","47,77",SMA
122,20103296,SMAN 39 JAKARTA,DKI Jakarta,"559,761","645,45","437,23","41,24",SMA
123,20222370,SMA KRISTEN PENABUR CIREBON,Jawa Barat,"559,515","652,195","455,208","51,68",SMA
124,20403170,SMAN 7 YOGYAKARTA,DI Yogyakarta,"559,444","634,395","453,358","31,27",SMA
125,20403176,SMAN 11 YOGYAKARTA,DI Yogyakarta,"558,943","634,45","455,79","32,78",SMA
126,20532260,SMAN 6 SURABAYA,Jawa Timur,"558,789","648,4","437,068","37,47",SMA
127,20532236,SMAN 16 SURABAYA,Jawa Timur,"558,709","635,298","421,46","36,17",SMA
128,20310417,SMAN 1 SUKOHARJO,Jawa Tengah,"558,677","640,363","471,768","35,2",SMA
129,20219326,SMAN 8 BANDUNG,Jawa Barat,"558,553","662,048","409,045","46,93",SMA
130,20102592,SMAN 49 JAKARTA,DKI Jakarta,"558,552","652,77","472,508","32,29",SMA
131,20253599,SMAS PENABUR,Jawa Barat,"558,512","639,098","451,658","42,81",SMA
132,10404453,SMAN PLUS PROP RIAU,Riau,"558,172","625,848","450,275","40,79",SMA
133,20505009,SMAN 1 TUBAN,Jawa Timur,"558,029","654,888","426,805","38,68",SMA
134,20503414,SMA NEGERI 2 JOMBANG,Jawa Timur,"557,979","645,34","461,025","34,77",SMA
135,20402794,SMA NEGERI 1 WATES,DI Yogyakarta,"557,896","639,915","463,888","32,91",SMA
136,20328896,SMA NEGERI 02,Jawa Tengah,"557,888","650,133","464,108","32,01",SMA
137,10303461,SMAN 1 PADANG,Sumatera Barat,"557,793","640,753","447,488","39,76",SMA
138,20219262,SMAS ALLOYSIUS 2,Jawa Barat,"557,758","632,815","493,09","37,87",SMA
139,69787182,SMAS Mutiara Harapan,Riau,"557,581","646,283","463,16","45,42",SMA
140,20103223,SMAS LABSCHOOL JAKARTA,DKI Jakarta,"557,32","632,795","460,095","38,14",SMA
141,10303462,SMAN 10 PADANG,Sumatera Barat,"557,145","646,168","449,045","37,15",SMA
142,20327969,SMAN 4 SURAKARTA,Jawa Tengah,"557,128","654,04","443,423","35,45",SMA
143,20339021,SMA NEGERI 1 PATI,Jawa Tengah,"557,049","641,023","446,335","35,82",SMA
144,20603377,SMAS STELLA MARIS BSD,Banten,"557,005","626,758","482,083","38,46",SMA
145,20102212,SMAN 38 JAKARTA,DKI Jakarta,"556,92","642,265","432,068","37,05",SMA
146,20328916,SMA KARANGTURI,Jawa Tengah,"556,838","645,333","441,84","61,49",SMA
147,20532242,SMAN 1 SURABAYA,Jawa Timur,"556,822","638,313","441,87","35,46",SMA
148,69883214,SMA PLUS AR RAHMAT,Jawa Timur,"556,666","641,738","488,595","39,93",SMA
149,50103124,SMAN 4 DENPASAR,Bali,"556,378","651,56","437,38","47,69",SMA
150,20401146,SMAN 1 GODEAN,DI Yogyakarta,"556,286","616,798","467,17","30,15",SMA
151,11002204,SMAS KATOLIK YOS SUDARSO,Kepulauan Riau,"556,109","626,438","477,558","38,08",SMA
152,20103256,SMAN 99 JAKARTA,DKI Jakarta,"556,016","663,483","449,625","34,97",SMA
153,20302165,SMAN 2 PURWOKERTO,Jawa Tengah,"555,946","650,855","444,093","34,88",SMA
154,20317494,SMAN 1 KUDUS,Jawa Tengah,"555,646","658,005","441,318","36,18",SMA
155,20103285,SMAN 12 JAKARTA,DKI Jakarta,"555,493","646,853","436,77","36,38",SMA
156,69983368,MAN INSAN CENDEKIA PADANG PARIAMAN,Sumatera Barat,"555,457","614,77","441,983","37,49",MA
157,20534388,SMAN 2 KEDIRI,Jawa Timur,"555,312",661,"440,143","39,22",SMA
158,20100201,SMAN 77 JAKARTA,DKI Jakarta,"555,254","648,113","451,753","36,38",SMA
159,20100198,SMAS SANTA THERESIA JAKARTA,DKI Jakarta,"555,181","625,683","448,983","37,57",SMA
160,10208520,SMAN 2 BALIGE,Sumatera Utara,"555,143","650,86","439,283","39,98",SMA
161,69941607,MAN Insan Cendekia Oki,Sumatera Selatan,"555,068","631,478","462,328","39,82",MA
162,20401161,SMAN 1 DEPOK,DI Yogyakarta,"554,776","656,353","474,023","33,57",SMA
163,20103303,SMAN 71 JAKARTA,DKI Jakarta,"554,768","632,108","403,913","37,27",SMA
164,20328893,SMA NEGERI 05,Jawa Tengah,"554,585","645,983","434,9","36,88",SMA
165,20302182,SMAN 1 PURWOKERTO,Jawa Tengah,"554,285","665,403","403,438","38,99",SMA
166,20238524,SMK-SMAK BOGOR,Jawa Barat,"554,109","638,585","453,08","36,59",SMK
167,10210836,SMAS SUTOMO 2,Sumatera Utara,"554,105","631,073","467,65","44,71",SMA
168,69870886,SMA KRISTEN PENABUR SUMMARECON BEKASI,Jawa Barat,"554,072","620,853","459,52","36,11",SMA
169,20223818,SMAN 2 KOTA DEPOK,Jawa Barat,"553,99","634,123","437,16","44,74",SMA
170,20312200,SMAN 1 KARANGANYAR,Jawa Tengah,"553,839","638,848","426,943","35,05",SMA
171,20533667,SMAN 4,Jawa Timur,"553,764","631,228","450,053","34,73",SMA
172,20219254,SMAN 2 BANDUNG,Jawa Barat,"553,668","646,145","418,813","46,13",SMA
173,30105210,SMAN 1 PONTIANAK,Kalimantan Barat,"553,465","644,235","419,933","41,54",SMA
174,20328894,SMA NEGERI 04,Jawa Tengah,"553,371","642,46","452,665","32,43",SMA
175,10211691,SMAS BUDI MULIA,Sumatera Utara,"553,367","649,575","439,233","36,77",SMA
176,20223044,SMAN 5 BEKASI,Jawa Barat,"553,304","653,34","406,388","46,47",SMA
177,30401491,SMAN 1 BALIKPAPAN,Kalimantan Timur,"553,297","641,24","415,458","43,06",SMA
178,20520820,SMAN 2 LUMAJANG,Jawa Timur,"552,955","627,783","446,293","35,17",SMA
179,20200691,SMAN 2 CIBINONG,Jawa Barat,"552,257","646,905","441,833","38,34",SMA
180,20306171,SMAN 7 PURWOREJO,Jawa Tengah,"552,206","628,793","478,545","31,87",SMA
181,20325299,SMAN 1 SLAWI,Jawa Tengah,"551,761","648,048","442,525","32,72",SMA
182,69760753,SMAS IT IBNU ABBAS,Jawa Tengah,"551,662","639,768","446,59","40,36",SMA
183,10504594,SMAS XAVERIUS 1,Jambi,"551,45","658,893","437,073","51,37",SMA
184,20279931,SMAS AL-IRSYAD SATYA,Jawa Barat,"551,448","653,553","463,065","45,77",SMA
185,20401124,SMAN 1 SLEMAN,DI Yogyakarta,"551,402","636,345","464,388","33,45",SMA
186,20403179,SMAN 4 YOGYAKARTA,DI Yogyakarta,"551,378","639,538","428,768","36,78",SMA
187,20303249,SMAN 1 PURBALINGGA,Jawa Tengah,"551,338","637,78","464,73","34,73",SMA
188,20320242,SMA NEGERI 1 UNGARAN,Jawa Tengah,"551,298","631,958","449,733","35,57",SMA
189,20535050,SMAN 1 BLITAR,Jawa Timur,"551,117","644,525","426,34","42,77",SMA
190,20306807,SMA NEGERI 1 WONOSOBO,Jawa Tengah,"550,982","635,863","425,06","34,32",SMA
191,20403175,SMAN 10 YOGYAKARTA,DI Yogyakarta,"550,978","617,193","472,93","29,74",SMA
192,50100337,SMAN 1 SINGARAJA,Bali,"550,977","647,623","456,27","40,21",SMA
193,20401156,SMAS KOLESE DE BRITTO DEPOK,DI Yogyakarta,"550,933","631,785","466,948","37,57",SMA
194,20104432,SMAS KATOLIK SANG TIMUR,DKI Jakarta,"550,735","636,038","453,533","46,19",SMA
195,20511965,SMAN 2 PARE,Jawa Timur,"550,718","622,568","447,2",34,SMA
196,20219248,SMAN 24 BANDUNG,Jawa Barat,"550,714","653,895","419,303","44,84",SMA
197,20101626,SMAN 112 JAKARTA,DKI Jakarta,"550,624","630,878","449,703","34,89",SMA
198,69856916,SMA IGNATIUS GLOBAL SCHOOL (IGS) PALEMBANG,Sumatera Selatan,"550,562","632,925","448,868","46,54",SMA
199,20219309,SMAN 5 BANDUNG,Jawa Barat,"550,431","647,043","423,403","45,61",SMA
200,20219269,SMAS TARUNA BAKTI,Jawa Barat,"550,232","645,05","450,225","38,52",SMA
201,69859366,SMKN JATENG DI SEMARANG,Jawa Tengah,"549,946","603,933","472,91","33,67",SMK
202,10304887,SMA NEGERI AGAM CENDEKIA,Sumatera Barat,"549,634","618,148","462,85","31,79",SMA
203,10507942,MAN INSAN CENDEKIA JAMBI,Jambi,"549,499","639,245","464,45","42,94",MA
204,20533635,SMAS KATOLIK ST ALBERTUS,Jawa Timur,"549,435","647,118","448,003","37,92",SMA
205,10404019,SMA NEGERI 8 PEKANBARU,Riau,"549,407","641,425","439,18","44,34",SMA
206,10648016,SMAN SUMATERA SELATAN,Sumatera Selatan,"549,272","631,025","453,313","38,74",SMA
207,10609704,SMA XAVERIUS 01 PALEMBANG,Sumatera Selatan,"549,163","648,293","428,95","46,75",SMA
208,10307523,SMAN 1 BUKITTINGGI,Sumatera Barat,"549,02","629,593","435,213","38,97",SMA
209,20300617,SMA NEGERI 1 CILACAP,Jawa Tengah,"548,896","621,385","463,503","34,86",SMA
210,20409906,SMA KESATUAN BANGSA,DI Yogyakarta,"548,874","653,19","421,183","43,58",SMA
211,20277085,MAS ZAKARIA,Jawa Barat,"548,865","632,935","461,473","39,67",MA
212,20403375,MAN 1 YOGYAKARTA,DI Yogyakarta,"548,767","634,518","466,998","33,84",MA
213,69727602,SMAS AL-IZZAH BATU,Jawa Timur,"548,767","636,908","457,51","37,99",SMA
214,20229157,SMAS ISLAM TERPADU NURUL FIKRI,Jawa Barat,"548,662","642,465","454,873","36,86",SMA
215,20219791,SMAS YAHYA,Jawa Barat,"548,41","619,768","455,455","41,77",SMA
216,20101620,SMAN 33 JAKARTA,DKI Jakarta,"548,344","644,813","456,295","37,66",SMA
217,20329847,SMAN 1 TEGAL,Jawa Tengah,"548,306","624,845","415,398","38,38",SMA
218,20224139,SMA NEGERI 2 CIMAHI,Jawa Barat,"548,295","646,763","426,228","42,99",SMA
219,20311334,SMAN 1 WONOGIRI,Jawa Tengah,"548,226","631,915","451,628","34,85",SMA
220,20107249,SMAS BUDI MULIA JAKARTA,DKI Jakarta,"548,186","619,358","478,125","36,46",SMA
221,20401127,SMAN 1 PAKEM,DI Yogyakarta,"548,058","647,295","461,105","35,14",SMA
222,20218351,SMAN 1 TAMBUN SELATAN,Jawa Barat,"547,96","647,33","410,4","49,06",SMA
223,20103203,SMAS DON BOSCO 2 JAKARTA,DKI Jakarta,"547,554","628,9","457,458","43,55",SMA
224,20309689,SMAN 2 KLATEN,Jawa Tengah,"547,523","637,648","432,838","35,22",SMA
225,20307641,SMAS TARUNA NUSANTARA,Jawa Tengah,"547,414","667,72","418,148","43,59",SMA
226,20103278,SMAN 91 JAKARTA,DKI Jakarta,"547,314","639,27","416,87","37,71",SMA
227,20533653,SMAN 5,Jawa Timur,"547,075","640,3","439,285","38,4",SMA
228,69762788,SMAN 3 TARUTUNG,Sumatera Utara,"546,966","633,935","441,778","39,79",SMA
229,20330281,SMAN 1 GOMBONG,Jawa Tengah,"546,897","636,403","471,553","34,8",SMA
230,20525854,SMAN 1 GENTENG,Jawa Timur,"546,836","655,893","445,923","42,19",SMA
231,20354028,SMAN 1 SRAGEN,Jawa Tengah,"546,835","650,728","424,26","40,3",SMA
232,20103292,SMAN 103 JAKARTA,DKI Jakarta,"546,783","650,905","434,138","37,44",SMA
233,30105064,SMAS KRISTEN IMMANUEL,Kalimantan Barat,"546,756","642,553","448,845","52,37",SMA
234,20328925,SMA KRISTEN YSKI,Jawa Tengah,"546,723","628,443","481,333","41,42",SMA
235,20229172,SMAS PRIBADI BEJI,Jawa Barat,"546,709","615,345","449,045","44,96",SMA
236,20102563,SMAN 90 JAKARTA,DKI Jakarta,"546,622","651,583","432,153","40,97",SMA
237,11002197,SMAN 3 BATAM,Kepulauan Riau,"546,608","640,913","418,4","43,63",SMA
238,20219312,SMAN 4 BANDUNG,Jawa Barat,"546,12","636,16","404,463","43,79",SMA
239,10506129,SMAS BINA KASIH,Jambi,"545,937","660,55","457,458","48,18",SMA
240,20607991,SMA ISLAM NURUL FIKRI,Banten,"545,907","649,893","429,485","43,57",SMA
241,20616138,SMAS TARAKANITA CITRA RAYA,Banten,"545,664","627,893","460,18","39,23",SMA
242,20363082,MAN 2 KUDUS,Jawa Tengah,"545,567","643,175","441,938","38,07",MA
243,20238517,SMAN 5 BOGOR,Jawa Barat,"545,552","648,508","421,413","44,11",SMA
244,20103304,SMAN 67 JAKARTA,DKI Jakarta,"545,484","646,5","453,428","36,99",SMA
245,10502884,SMAN TITIAN TERAS,Jambi,"545,464","637,413","415,035","42,41",SMA
246,20253836,SMAS PRIBADI,Jawa Barat,"545,398","661,523","433,408","54,93",SMA
247,20107277,SMAS AL IZHAR JAKARTA,DKI Jakarta,"545,383","637,278","464,175","35,42",SMA
248,20321439,SMA NEGERI 2 TEMANGGUNG,Jawa Tengah,"545,211","634,77","456,573","33,81",SMA
249,20515430,SMAN 1 KEDUNGWARU,Jawa Timur,"545,165","650,09","434,868","40,23",SMA
250,20102231,SMAK TIRTAMARTA - BPK PENABUR,DKI Jakarta,"544,969","623,215","481,165","34,27",SMA
251,20614004,SMAS MENTARI INTERCULTURAL SCHOOL BINTARO,Banten,"544,85","617,935","480,35","41,17",SMA
252,20538326,SMAN 2 NGANJUK,Jawa Timur,"544,848","643,595","430,915","41,06",SMA
253,20303987,SMAN 1 BANJARNEGARA,Jawa Tengah,"544,841","634,038","423,355","35,19",SMA
254,20309680,SMAN 1 KARANGANOM,Jawa Tengah,"544,752","638,9","443,055","37,64",SMA
255,50103149,SMAS TAMAN RAMA,Bali,"544,621","623,82","489,805","40,63",SMA
256,20615183,SMAS KHARISMA BANGSA,Banten,"544,551","619,02","447,828","48,3",SMA
257,10263742,MAS PERGURUAN ISLAM AR RISALAH,Sumatera Barat,"544,52","642,255","438,218","37,12",MA
258,20222365,SMAN 2 CIREBON,Jawa Barat,"544,478","651,878","407,43","44,96",SMA
259,20223045,SMAN 4 BEKASI,Jawa Barat,"544,441","653,13","417,725","44,56",SMA
260,20238516,SMAN 2 BOGOR,Jawa Barat,"544,425","636,333","435,178","44,27",SMA
261,20223817,SMAN 3 KOTA DEPOK,Jawa Barat,"544,079","640,883","413,285","43,68",SMA
262,20400391,SMA NEGERI 1 JETIS,DI Yogyakarta,"543,976","626,27","460,478","33,22",SMA
263,20103306,SMAN 62 JAKARTA,DKI Jakarta,"543,928","649,528","419,96","35,08",SMA
264,50103125,SMAN 3 DENPASAR,Bali,"543,902","641,615","431,965","42,27",SMA
265,10609651,SMA KUSUMA BANGSA PALEMBANG,Sumatera Selatan,"543,901","644,393","449,095","45,79",SMA
266,20100216,SMAN 1 JAKARTA,DKI Jakarta,"543,884","617,403","446,065","35,36",SMA
267,69775444,SMAS IT UMMUL QURO,Jawa Barat,"543,772","625,103","423,48","39,4",SMA
268,10307799,SMAN 3 BATU SANGKAR,Sumatera Barat,"543,346","628,228","449,905","36,7",SMA
269,40320336,SMAS ZION,Sulawesi Selatan,"543,16","614,348","454,615","41,2",SMA
270,20517739,SMAN 1 LAWANG,Jawa Timur,"543,087","638,638","437,395","37,33",SMA
271,20341554,SMAS IT NURHIDAYAH,Jawa Tengah,"543,052","651,44","446,995","39,46",SMA
272,20102575,SMAN 55 JAKARTA,DKI Jakarta,"542,846","625,925","424,375","37,13",SMA
273,69976494,MAN INSAN CENDEKIA TANAH LAUT,Kalimantan Selatan,"542,757","613,668","409,735","37,32",MA
274,20517730,SMAN 1 KEPANJEN,Jawa Timur,"542,618","628,378","434,173","34,99",SMA
275,20402137,SMAN 2 WONOSARI,DI Yogyakarta,"542,576","637,98","479,53","28,76",SMA
276,10210923,SMAS SANTO THOMAS 1 MEDAN,Sumatera Utara,"542,501","647,088","423,473","44,62",SMA
277,10807063,SMAN 2 BANDAR LAMPUNG,Lampung,"542,493","645,323","415,033","48,31",SMA
278,20605093,SMAN 1 KOTA SERANG,Banten,"542,32","644,718","397,103","48,54",SMA
279,20580045,MAN 2 Kota Kediri,Jawa Timur,"542,257","649,448","436,17","44,2",MA
280,20102571,SMAN 66 JAKARTA,DKI Jakarta,"542,253","637,098","428,018","35,75",SMA
281,20328912,SMA SEMESTA,Jawa Tengah,"542,24","641,968","416,21","51,37",SMA
282,20536288,SMAN 1 PROBOLINGGO,Jawa Timur,"542,211","652,513","439,028","39,46",SMA
283,69975889,MAN INSAN CENDEKIA KOTA BATAM,Kepulauan Riau,"542,156","632,815","464,683","37,71",MA
284,20606833,SMAS STRADA ST AQUINO,Banten,"542,096","625,605","441,845","38,71",SMA
285,20231283,SMAS BUNDA HATI KUDUS,Jawa Barat,"542,045","625,613","457,078",43,SMA
286,69964214,SMA NEGERI TARUNA NALA JAWA TIMUR,Jawa Timur,"541,971","632,72","437,64","43,93",SMA
287,20535464,UPT SMA NEGERI 1 PASURUAN,Jawa Timur,"541,968","644,13","447,515","39,05",SMA
288,20102574,SMAN 6 JAKARTA,DKI Jakarta,"541,904","641,745","438,818","37,64",SMA
289,20252852,SMAS AL KAHFI,Jawa Barat,"541,715","640,815","449,713","37,94",SMA
290,20501701,SMAN 3 SIDOARJO,Jawa Timur,"541,706","629,913","443,85","35,97",SMA
291,20536817,SMAN 1 BATU,Jawa Timur,"541,698","634,635","442,298","34,43",SMA
292,20103309,SMAN 58 JAKARTA,DKI Jakarta,"541,539","628,988","447,755","34,65",SMA
293,20101623,SMAN 19 JAKARTA,DKI Jakarta,"541,505","631,358","436,615","38,34",SMA
294,20402778,SMA NEGERI 2 WATES,DI Yogyakarta,"541,497","618,74","449,36","30,46",SMA
295,50102079,SMAN 1 GIANYAR,Bali,"541,488","648,6","420,328","43,96",SMA
296,20231312,SMAS MADANIA,Jawa Barat,"541,479","643,805","448,653","47,28",SMA
297,20606516,SMAS MUTIARA BANGSA,Banten,"541,401","602,11","462,855","41,71",SMA
298,50204503,SMA NEGERI 1 MATARAM,Nusa Tenggara Barat,"541,33","642,563","405,75","44,41",SMA
299,69754032,SMAS INSAN CENDEKIA MADANI,Banten,"541,272","624,218","439,008","39,52",SMA
300,20403145,SMAS STELLA DUCE 1,DI Yogyakarta,"541,131","631,83","421,78","41,44",SMA
301,69756117,SMAS AL - AZHAR MANDIRI PALU,Sulawesi Tengah,"540,957","619,288","441,935","39,37",SMA
302,20219795,SMAS KALAM KUDUS,Jawa Barat,"540,94","609,495","467,98","34,8",SMA
303,20549721,SMAS AL HIKMAH SURABAYA,Jawa Timur,"540,925","646,64","429,603","40,78",SMA
304,20400390,SMA NEGERI 1 KASIHAN,DI Yogyakarta,"540,924","632,013","456,68","31,5",SMA
305,20307714,SMAN 1 KOTA MUNGKID,Jawa Tengah,"540,833","635,583","446,498","34,11",SMA
306,20532247,SMAN 4 SURABAYA,Jawa Timur,"540,794","623,76","397,348","38,03",SMA
307,20220324,SMAS BPK PENABUR,Jawa Barat,"540,774","625,735","444,325","46,35",SMA
308,20327987,SMAS REGINA PACIS SURAKARTA,Jawa Tengah,"540,699","633,863","430,255","38,43",SMA
309,20324216,SMAN 1 PEMALANG,Jawa Tengah,"540,498","636,298","409,39","39,07",SMA
310,20103298,SMAN 44 JAKARTA,DKI Jakarta,"540,417","629,625","423,833","37,84",SMA
311,69968020,SMA AL AZHAR SYIFA BUDI PARAHYANGAN,Jawa Barat,"540,267","621,248","449,35","37,69",SMA
312,20314885,SMAN 1 BLORA,Jawa Tengah,"540,13","640,788","431,208","37,93",SMA
313,20603349,SMAS K ORA ET LABORA BSD,Banten,"540,067","635,713","482,203","38,98",SMA
314,20276323,MAS NUURUL QUR AN,Jawa Barat,"539,901","610,998","424,035","45,39",MA
315,20101301,SMAS REGINA PACIS,DKI Jakarta,"539,838","615,955","415,748",58,SMA
316,20102219,SMAN 109 JAKARTA,DKI Jakarta,"539,798","636,108","425,77","35,8",SMA
317,20258396,SMAS IT AS-SYIFA BOARDING SCHOOL,Jawa Barat,"539,747","657,24","412,54","46,26",SMA
318,20407427,SMK SMTI,DI Yogyakarta,"539,742","620,17","446,528","37,35",SMK
319,10702412,SMAN 5 BENGKULU,Bengkulu,"539,706","651,17","429,738","43,1",SMA
320,20327970,SMAN 5 SURAKARTA,Jawa Tengah,"539,59","627,91","453,823","33,92",SMA
321,20247152,SMAS INSAN CENDEKIA AL KAUSAR,Jawa Barat,"539,582","643,488","431,27","45,9",SMA
322,20510150,SMAN 1 PONOROGO,Jawa Timur,"539,574","634,585","427,715","38,72",SMA
323,20542500,SMA NEGERI 1 TRENGGALEK,Jawa Timur,"539,483","647,19","418,995","40,05",SMA
324,40311951,SMAN 17 MAKASSAR,Sulawesi Selatan,"539,446","649,02","408,893","50,9",SMA
325,69857710,SMA TRENSAINS TEBUIRENG,Jawa Timur,"539,435","632,493","447,5","39,69",SMA
326,20315697,SMA NEGERI 1 REMBANG,Jawa Tengah,"539,341","622,785","424,025","37,12",SMA
327,20223075,SMAS MARSUDIRINI,Jawa Barat,"539,281","628,348","421,678","41,27",SMA
328,20103257,SMAN 98 JAKARTA,DKI Jakarta,"539,235","635,828","420,02","38,16",SMA
329,20532244,SMAN 11 SURABAYA,Jawa Timur,"539,211","638,225","423,625","37,51",SMA
330,20103310,SMAN 54 JAKARTA,DKI Jakarta,"539,176","641,913","424,263","38,06",SMA
331,69941598,MAN INSAN CENDEKIA SIAK,Riau,"539,113","637,113","455,14","40,91",MA
332,20219253,SMAN 20 BANDUNG,Jawa Barat,"539,047","663,828","413,445","45,88",SMA
333,20603368,SMAN 3 KOTA TANGERANG SELATAN,Banten,"539,014","641,173","406,74","47,29",SMA
334,20532263,SMAN 9 SURABAYA,Jawa Timur,"538,967","639,723","415,778","38,78",SMA
335,20400406,SMA NEGERI 1 BANGUNTAPAN,DI Yogyakarta,"538,934","625,598","457,755","30,43",SMA
336,20310414,SMAS KRISTEN KALAM KUDUS SUKOHARJO,Jawa Tengah,"538,849","617,225","479,463","40,84",SMA
337,10261532,SMA UNGGULAN CT FOUNDATION,Sumatera Utara,"538,555","612,36","457,198","31,36",SMA
338,20219241,SMAN 12 BANDUNG,Jawa Barat,"538,517","642,745","408,683","46,47",SMA
339,20350718,SMAS IT IHSANUL FIKRI MUNGKID,Jawa Tengah,"538,492","629,035","434,045","39,14",SMA
340,69978966,MAN INSAN CENDEKIA LOMBOK TIMUR,Nusa Tenggara Barat,"538,46","602,855","454,823","34,77",MA
341,20533640,SMAN 8,Jawa Timur,"538,409","649,92","434,513","38,54",SMA
342,20327564,SMAN 3 MAGELANG,Jawa Tengah,"538,355","632,67","444,03","39,96",SMA
343,10263528,SMAS NASIONAL PLUS CINTABUDAYA / CHONG WEN,Sumatera Utara,"538,264","647,265","419,56","50,11",SMA
344,10807561,SMAN 1 METRO,Lampung,"538,139","637,153","441,83","45,82",SMA
345,69955414,SMA EMIISc Jakarta,DKI Jakarta,"538,033","614,258","459,625","40,64",SMA
346,20328892,SMA NEGERI 06,Jawa Tengah,"537,663","628,5","440,04","33,29",SMA
347,20100186,SMAS KRISTEN 2 BPK PENABUR,DKI Jakarta,"537,647","609,723","464,403","41,08",SMA
348,20401130,SMAN 1 MLATI,DI Yogyakarta,"537,4","602,325","466,468","28,04",SMA
349,10310795,SMAN 3 PAINAN,Sumatera Barat,"537,371","620,005","449,98",32,SMA
350,20318343,SMA NEGERI 1 JEPARA,Jawa Tengah,"537,321","625,858","435,993","38,62",SMA
351,69765089,SMAS ISLAM ATHIRAH,Sulawesi Selatan,"537,309","610,268","460,768","37,58",SMA
352,20102216,SMAN 3 JAKARTA,DKI Jakarta,"537,216","622,163","397,043","37,46",SMA
353,20580089,MAN 1 KOTA MALANG,Jawa Timur,"537,206","646,753","435,005","37,66",MA
354,30304597,SMAN 1 BANJARBARU,Kalimantan Selatan,"537,117","642,03","420,948","41,64",SMA
355,20534389,SMAN 1 KEDIRI,Jawa Timur,"537,087","640,05","408,22","41,42",SMA
356,20527233,SMAN 1 PAMEKASAN,Jawa Timur,"536,994","657,898","427,66","41,29",SMA
357,20224124,SMA SANTA MARIA 3,Jawa Barat,"536,915","623,028","464,33","40,74",SMA
358,30105074,SMA KATOLIK SANTU PETRUS PONTIANAK,Kalimantan Barat,"536,835","628,148","422,083","46,39",SMA
359,20502727,SMAN 1 SOOKO,Jawa Timur,"536,732","668,443","378,115","42,42",SMA
360,10496495,SMA DHARMA LOKA,Riau,"536,724","644,07","475,413","42,32",SMA
361,20532087,SMAS SANTA MARIA,Jawa Timur,"536,713","621,74","444,145","40,54",SMA
362,20305025,SMAN 2 KEBUMEN,Jawa Tengah,"536,708","624,388","445,608","33,97",SMA
363,69929336,SMA SCIENCE PLUS BAITUL QURAN BOARDING SCHOOL,Jawa Tengah,"536,694","631,21","428,18","43,63",SMA
364,20328449,SMAN 3 SALATIGA,Jawa Tengah,"536,654","637,128","441,068","35,37",SMA
365,20331915,SMAS THERESIANA 1,Jawa Tengah,"536,561","618,695","436,328","43,42",SMA
366,10498812,MAN 2 PEKANBARU,Riau,"536,552","643,63","426,375","45,89",MA
367,20219271,SMAN 1 BANDUNG,Jawa Barat,"536,447","662,513","419,15","46,57",SMA
368,20322744,SMA NEGERI 1 BATANG,Jawa Tengah,"536,326","646,97","420,23","38,91",SMA
369,20265518,SMAS ALFA CENTAURI,Jawa Barat,"536,185","620,34","430,665","38,69",SMA
370,10111885,SMA TEUKU NYAK ARIF FATIH BILINGUAL SCHOOL,Aceh,"536,042","617,683","451,765","52,19",SMA
371,40103174,SMAS LOKON ST NIKOLAUS TOMOHON,Sulawesi Utara,"536,032","635,698","438,835","48,77",SMA
372,69859740,SMA ISLAM SABILILLAH,Jawa Timur,"535,926","628,633","408,44","46,14",SMA
373,20603342,SMAS ISLAM AL-AZHAR BSD,Banten,"535,922","631,105","418,955","45,8",SMA
374,20606814,SMAN 8 TANGERANG,Banten,"535,908","655,353","412,938","40,84",SMA
375,20200681,SMAN 1 CILEUNGSI,Jawa Barat,"535,825","653,185","434,908","38,08",SMA
376,20276416,SMAS LABSCHOOL CIBUBUR,Jawa Barat,"535,808","642,99","404,785","42,6",SMA
377,10601344,SMAN 4 LAHAT,Sumatera Selatan,"535,79","630,958","433,753","42,26",SMA
378,20313048,SMAN 1 GEMOLONG,Jawa Tengah,"535,717","629,44","445,403","35,93",SMA
379,69862591,SMA N 2 SUMATERA BARAT,Sumatera Barat,"535,591","648,81","453,083","38,06",SMA
380,20603371,SMAS PLUS PEMBANGUNAN JAYA,Banten,"535,591","622,683","417,425","43,92",SMA
381,10603858,SMA NEGERI 17 PALEMBANG,Sumatera Selatan,"535,587","651,245","420,293","48,41",SMA
382,20253130,SMAS IT AL BINA,Jawa Barat,"535,5","631,205","394,41","45,78",SMA
383,20306176,SMAN 2 PURWOREJO,Jawa Tengah,"535,488","621,968","413,685","31,47",SMA
384,20511011,SMAN 1 PACITAN,Jawa Timur,"535,485","621,37","438,575","34,29",SMA
385,10807024,SMA S AL KAUTSAR,Lampung,"535,422","633,578","433,045","39,08",SMA
386,20328913,SMA SEDES SAPIENTIAE,Jawa Tengah,"535,394","630,285","436,76","42,14",SMA
387,P2965978,PKBM Windsor,DKI Jakarta,"535,337","616,705","459,64","38,84",PKBM
388,20219784,SMAS PELITA BANGSA,Jawa Barat,"535,307","620,815","480,17","41,11",SMA
389,20219265,SMAS ST MARIA 1 BANDUNG,Jawa Barat,"535,258","631,283","432,525","39,57",SMA
390,20277214,MAS HUSNUL KHOTIMAH,Jawa Barat,"535,167","658,685","427,605","40,62",MA
391,20509318,SMAN 1 MAGETAN,Jawa Timur,"535,096","632,468","425,618","38,6",SMA
392,20200885,SMAN 1 CIBINONG,Jawa Barat,"535,072","648,755","440,038","37,54",SMA
393,20363283,MAS MUALLIMAAT MUHAMMADIYAH,DI Yogyakarta,"535,038","644,508","442,703","39,77",MA
394,20540060,SMAS KRISTEN PETRA 4,Jawa Timur,"534,991","612,893","442,48","43,58",SMA
395,20525856,SMAN 1 GLAGAH,Jawa Timur,"534,979","626,195","408,925","42,19",SMA
396,69816324,SMA IT AL BAYYINAH,Riau,"534,939","608,785","476,42","34,6",SMA
397,20320387,SMA NEGERI 1 AMBARAWA,Jawa Tengah,"534,732","628,748","455,553","33,34",SMA
398,20330921,SMA TRENSAINS MUHAMMADIYAH SRAGEN,Jawa Tengah,"534,637","626,693","470,128","38,23",SMA
399,20219270,SMAS KRIDA NUSANTARA,Jawa Barat,"534,596","626,723","385,238","39,61",SMA
400,10807016,SMA S XAVERIUS BANDAR LAMPUNG,Lampung,"534,54","621,005","436,453","47,23",SMA
401,20329512,SMK Negeri 2 Pekalongan,Jawa Tengah,"534,403","602,16","482,043","33,74",SMK
402,20220335,SMAN 6 BOGOR,Jawa Barat,"534,388","638,505","421,22","43,62",SMA
403,20401315,SMKN 2 DEPOK,DI Yogyakarta,"534,228","625,77","455,578","33,05",SMK
404,20363284,MAS MUALLIMIN MUHAMMADIYAH,DI Yogyakarta,"534,106","652,93","440,34","44,17",MA
405,20514344,SMAN 1 TALUN,Jawa Timur,"534,013","654,115","417,19","39,82",SMA
406,20219243,SMAN 11 BANDUNG,Jawa Barat,"533,964","620,628","400,595","44,36",SMA
407,69822684,SMAS DARUL HIKAM INTERNASIONAL,Jawa Barat,"533,911","624,035","460,14","42,07",SMA
408,20404171,SMAS IT ABU BAKAR,DI Yogyakarta,"533,897","631,07","441,955","35,06",SMA
409,20501702,SMAN 2 SIDOARJO,Jawa Timur,"533,891","640,893","426,528","39,04",SMA
410,20222364,SMAN 1 CIREBON,Jawa Barat,"533,837","645,333","402,773","44,4",SMA
411,40102411,SMA MANADO INDEPENDENT SCHOOL,Sulawesi Utara,"533,812","632,67","410,86","52,5",SMA
412,69982590,SMA AL WILDAN ISLAMIC SCHOOL,Banten,"533,797","648,65","437,958","42,99",SMA
413,30401067,SMA Negeri 10 Samarinda,Kalimantan Timur,"533,77","643,058","422,675","42,65",SMA
414,20362982,MAS TAHFIZHUL QUR`AN,Jawa Tengah,"533,708","610,708","468,87","32,08",MA
415,20308448,SMAN 3 BOYOLALI,Jawa Tengah,"533,697","611,325","444,075","32,46",SMA
416,20246730,SMAS GLOBAL PRESTASI,Jawa Barat,"533,627","614,848","430,738","41,82",SMA
417,40307369,SMAS KATOLIK RAJAWALI,Sulawesi Selatan,"533,445","655,018","421,853","49,58",SMA
418,20229167,SMAN 5 KOTA DEPOK,Jawa Barat,"533,388","625,35","407,56","44,1",SMA
419,20523847,SMAN 2 JEMBER,Jawa Timur,"533,29","627,103","418,16","36,45",SMA
420,11000360,SMAN 1 BATAM,Kepulauan Riau,"533,265","646,208","391,625","47,4",SMA
421,20227474,SMAN 1 GARUT,Jawa Barat,"533,255","644,03","428,035","44,89",SMA
422,20411891,MAN 3 SLEMAN,DI Yogyakarta,"533,24","622,52","413,1","36,07",MA
423,20103281,SMAN 31 JAKARTA,DKI Jakarta,"533,233","619,18","416,673","38,23",SMA
424,20206209,SMAN 1 MARGAHAYU,Jawa Barat,"533,187","633,625","443,128","40,09",SMA
425,20310421,SMAN 3 SUKOHARJO,Jawa Tengah,"532,937","643,87","445,823","33,04",SMA
426,50103127,SMAN 1 DENPASAR,Bali,"532,93","655,725","414,238","49,42",SMA
427,50102779,SMAN 2 AMLAPURA,Bali,"532,92","649,685","422,458","46,31",SMA
428,20253167,SMAS ISLAM AL-AZHAR 4,Jawa Barat,"532,884","627,59","396,143","42,01",SMA
429,20327972,SMAN 7 SURAKARTA,Jawa Tengah,"532,841","644,51","436,268","35,49",SMA
430,20220334,SMAN 4 BOGOR,Jawa Barat,"532,84","649,405","423,455","41,43",SMA
431,30401809,SMAS YAYASAN PUPUK KALTIM BONTANG,Kalimantan Timur,"532,747","642,613","424,293","44,76",SMA
432,20309684,SMAN 1 CAWAS,Jawa Tengah,"532,727","633,76","412,005","36,2",SMA
433,20603347,SMAS KATOLIK RICCI II,Banten,"532,699","623,548","419,495","45,83",SMA
434,20320392,SMA SEDES SAPIENTIAE JAMBU,Jawa Tengah,"532,582","612,505","463,713","32,58",SMA
435,60102022,SMAS KRISTEN REHOBOTH,Maluku,"532,499","643,748","455,74","43,55",SMA
436,10259956,SMAS PRIMEONE SCHOOL,Sumatera Utara,"532,4","603,92","430,215","53,25",SMA
437,20409801,SMA BUDI MULIA DUA,DI Yogyakarta,"532,332","646,458","452,418","40,3",SMA
438,20603328,SMAS KATOLIK MATER DEI,Banten,"532,291","610,273","439,393","44,39",SMA
439,69955659,MAN INSAN CENDEKIA BANGKA TENGAH,Kepulauan Bangka Belitung,"532,268","603,995","476,19","29,02",MA
440,30401490,SMAN 2 BALIKPAPAN UTARA,Kalimantan Timur,"532,244","636,79","440,433","40,59",SMA
441,69816259,SMA IBNU HAJAR BOARDING SCHOOL,Jawa Barat,"532,243","656,743","425,543","42,51",SMA
442,69986335,SMA IT AT TAUFIQ,Jawa Barat,"532,23","618,17","466,953","36,28",SMA
443,20223033,SMAN 2 BEKASI,Jawa Barat,"532,216","649,808","402,05","44,74",SMA
444,P9908769,PKBM KAK SETO,Jawa Timur,"532,174","637,78","481,155","43,36",PKBM
445,20246430,SMAS ISLAM DIAN DIDAKTIKA,Jawa Barat,"532,151","615,455","439,028","40,33",SMA
446,20280604,SMAS FUTURE GATE,Jawa Barat,"532,001","642,333","387,908","44,33",SMA
447,10901104,SMAN 1 PANGKAL PINANG,Kepulauan Bangka Belitung,"531,934","643,708","441,423","38,27",SMA
448,50101121,SMAN 1 TABANAN,Bali,"531,789","627,693","427,065","42,15",SMA
449,20231356,SMAS SMART EKSELENSIA INDONESIA,Jawa Barat,"531,781","641,178","440,09","44,06",SMA
450,20321907,SMAN 1 KENDAL,Jawa Tengah,"531,759","640,923","411,25","38,93",SMA
451,20223046,SMAN 3 BEKASI,Jawa Barat,"531,557","632,448","412,983","45,35",SMA
452,20502726,SMAN 1 PURI,Jawa Timur,"531,548","615,015","437,305","38,28",SMA
453,10900459,SMAN 1 TANJUNG PANDAN,Kepulauan Bangka Belitung,"531,468","638,468","426,078","39,73",SMA
454,20313845,SMAN 1 PURWODADI,Jawa Tengah,"531,409","636,283","419,683","39,59",SMA
455,20532232,SMAN 21 SURABAYA,Jawa Timur,"531,385","632,578","424,92","37,05",SMA
456,69952949,SMA LENTERA HARAPAN TOMOHON,Sulawesi Utara,"531,144","620,598","450,045","41,63",SMA
457,69949652,SMA Muhammadiyah Program Khusus Kottabarat Surakarta,Jawa Tengah,"531,143","619,343",460,"35,3",SMA
458,20103311,SMAN 53 JAKARTA,DKI Jakarta,"531,135","624,905","444,493","34,05",SMA
459,10210903,SMAS METHODIST 2 MEDAN,Sumatera Utara,"531,098","637,215","417,848","48,3",SMA
460,20402128,SMKN 1 WONOSARI,DI Yogyakarta,"531,043","610,7","443,245","31,9",SMK
461,20533641,SMAN 9 Malang,Jawa Timur,"531,018","644,628","435,78","36,36",SMA
462,20603361,SMAN 3 KABUPATEN TANGERANG,Banten,"530,947","633,613","424,408","42,8",SMA
463,20216938,SMAN 1 SUBANG,Jawa Barat,"530,943","624,205","430,945","38,48",SMA
464,20523807,SMAS ST PAULUS,Jawa Timur,"530,895","631,348","444,06","44,45",SMA
465,20400371,SMA NEGERI 1 SEWON,DI Yogyakarta,"530,788","630,835","425,028","35,35",SMA
466,20532217,SMAN 17 SURABAYA,Jawa Timur,"530,697","640,768","419,885","33,82",SMA
467,69759180,SMA ISLAM SINAR CENDEKIA,Banten,"530,628","593,298","432,048","37,29",SMA
468,69987117,MAN INSAN CENDEKIA TAPANULI SELATAN,Sumatera Utara,"530,58","611,828","461,955","40,36",MA
469,20254358,SMAS GLOBAL MANDIRI,Jawa Barat,"530,552","601,888","443,828","45,44",SMA
470,20224113,SMA NEGERI 1 CIMAHI,Jawa Barat,"530,519","644,678","416,318","45,37",SMA
471,20302169,SMAN 5 PURWOKERTO,Jawa Tengah,"530,443","662,473","438,213","34,77",SMA
472,69883506,SMA GARUDA CENDEKIA,DKI Jakarta,"530,307","633,04","440,718","45,35",SMA
473,10107194,SMAN 10 FAJAR HARAPAN BANDA ACEH,Aceh,"530,282","616,123","426,65","42,42",SMA
474,20321425,SMK NEGERI 1 TEMANGGUNG,Jawa Tengah,"530,136","607,493","442,97","35,34",SMK
475,20103297,SMAN 42 JAKARTA,DKI Jakarta,"530,079","649,57","436,563","39,68",SMA
476,20220338,SMAN 9 BOGOR,Jawa Barat,"530,067","640,733","420,033","41,21",SMA
477,60403474,SMAS AVEROS,Papua Barat,"530,048","597,793","451,528","37,46",SMA
478,20229168,SMAN 6 KOTA DEPOK,Jawa Barat,"530,012","613,225","404,625","41,39",SMA
479,69987474,SMA ISLAM TERPADU NURUL FIKRI BOARDING SCHOOL,Jawa Barat,"530,007","593,818","430,125","38,47",SMA
480,10210873,SMAN 1 MEDAN,Sumatera Utara,"529,984","641,06","414,33","49,36",SMA
481,20212956,SMA NEGERI 2 KUNINGAN,Jawa Barat,"529,869","636,358","418,23","41,37",SMA
482,20606848,SMAN 2 TANGERANG,Banten,"529,755","629,205","419,003","44,18",SMA
483,20217786,SMAN 1 KARAWANG,Jawa Barat,"529,753","665,243","423,718","44,91",SMA
484,40301037,SMAN 5 GOWA,Sulawesi Selatan,"529,721","626,738","428,97","46,48",SMA
485,20532246,SMAN 13 SURABAYA,Jawa Timur,"529,711","633,805","402,018","39,15",SMA
486,20323399,SMA NEGERI 1 KEDUNGWUNI,Jawa Tengah,"529,62","621,118","447,295","34,33",SMA
487,20103286,SMAN 113 JAKARTA,DKI Jakarta,"529,472","628,805","397,348","35,25",SMA
488,20307713,SMAN 1 MERTOYUDAN,Jawa Tengah,"529,431","631,66","447,995","37,3",SMA
489,20500477,SMAN 1 MANYAR,Jawa Timur,"529,325","631,478","399,075","40,43",SMA
490,20219751,SMAS ADVENT,Jawa Barat,"529,138","578,56","463,868","34,84",SMA
491,20603359,SMAN 1 KOTA TANGERANG SELATAN,Banten,"529,132","630,468","416,345","44,08",SMA
492,20501705,SMAN 1 TAMAN,Jawa Timur,"529,097","630,913","430,373","39,02",SMA
493,20519299,SMAN 1 PANDAAN,Jawa Timur,"529,07","626,155","420,25","40,05",SMA
494,10497552,SMA IT AL ITTIHAD,Riau,"529,038","590,168","449,895","37,24",SMA
495,20505008,SMAN 2 TUBAN,Jawa Timur,"528,992","627,423","448,818","32,22",SMA
496,20302170,SMAN 1 AJIBARANG,Jawa Tengah,"528,973","632,838","429,7","37,78",SMA
497,40310832,SMA NEGERI 5 PAREPARE,Sulawesi Selatan,"528,953","622,555","418,7","45,76",SMA
498,20337604,SMK NEGERI 7 SEMARANG,Jawa Tengah,"528,891","602,3","450,598","31,07",SMK
499,20101586,SMAN 85 JAKARTA,DKI Jakarta,"528,841","621,515","415,758","35,67",SMA
500,20177932,MAN 4 JAKARTA,DKI Jakarta,"528,799","650,735","412,698","43,58",MA
501,20217357,SMAN 1 PURWAKARTA,Jawa Barat,"528,788","635,755","394,73","44,97",SMA
502,20100797,SMAN 52 JAKARTA,DKI Jakarta,"528,741","632,945","433,358","37,01",SMA
503,20103219,SMAS FONS VITAE 1 JAKARTA,DKI Jakarta,"528,615","639,495","396,04","44,93",SMA
504,20102217,SMAN 29 JAKARTA,DKI Jakarta,"528,609","639,403","413,143","39,55",SMA
505,20271471,SMA IT DARUL QUR AN,Jawa Barat,"528,577","631,668","437,26","41,11",SMA
506,69880982,SMA BINA INSAN MANDIRI,Jawa Timur,"528,569","627,495","462,98","39,53",SMA
507,30401487,SMAN 5 BALIKPAPAN SELATAN,Kalimantan Timur,"528,392","621,308","434,695","40,32",SMA
508,10900232,SMAN 1 SUNGAI LIAT,Kepulauan Bangka Belitung,"528,325","636,338","428,275","42,94",SMA
509,10603853,SMA NEGERI 06 PALEMBANG,Sumatera Selatan,"528,29","637,813","409,913","45,25",SMA
510,20219249,SMAN 23 BANDUNG,Jawa Barat,"528,289","637,425","414,765","43,17",SMA
511,20223043,SMAN 6 BEKASI,Jawa Barat,"528,259","609,62","421,448","38,57",SMA
512,69775683,SMAS IT AR RAIHAN,Lampung,"528,222","630,543","444,453","45,58",SMA
513,20220325,SMAS BUDI MULIA,Jawa Barat,"528,177","614,78","433,3","37,36",SMA
514,20103196,SMAS SANTO YOSEPH JAKARTA,DKI Jakarta,"528,114","623,975","456,47","42,4",SMA
515,20220329,SMAS KESATUAN,Jawa Barat,"528,109","620,713","442,778","40,57",SMA
516,20302171,SMAN 1 BANYUMAS,Jawa Tengah,"528,075","626,335","416,248","37,21",SMA
517,20533655,SMAS KATOLIK SANTA MARIA,Jawa Timur,"528,049","616,828","460,053","38,73",SMA
518,20327967,SMAN 2 SURAKARTA,Jawa Tengah,"527,99","614,375","431,253","33,95",SMA
519,20102572,SMAN 63 JAKARTA,DKI Jakarta,"527,979","636,5","422,128",35,SMA
520,20339023,SMA NEGERI 2 PATI,Jawa Tengah,"527,947","646,32","422,97","36,53",SMA
521,10303499,SMAN 2 PADANG,Sumatera Barat,"527,907","631,665","431,753","40,03",SMA
522,P2967096,PKBM KAK SETO,Banten,"527,899","637,245","456,675","50,91",PKBM
523,10404022,SMAS SANTA MARIA,Riau,"527,896","657,83","425,44","53,16",SMA
524,60726806,SMAIT INSANTAMA PLUS,Jawa Barat,"527,804","624,178","425,933","42,05",SMA
525,20327565,SMAN 4 MAGELANG,Jawa Tengah,"527,777","604,398","427,398","35,56",SMA
526,20532138,SMAS KATOLIK SANTA AGNES,Jawa Timur,"527,769","615,903","432,988","50,56",SMA
527,10303500,SMAN 3 PADANG,Sumatera Barat,"527,713","623,238","407,523","40,2",SMA
528,20269747,SMA NURUL FIKRI BOARDING SCHOOL LEMBANG,Jawa Barat,"527,633","621,938","412,828","43,8",SMA
529,20533664,SMAN 2,Jawa Timur,"527,602","617,248","439,56","32,66",SMA
530,69786332,SMA ISLAM TERPADU AL USWAH,Jawa Timur,"527,565","637,898","426,4","46,57",SMA
531,10403985,SMA NEGERI 1 PEKANBARU,Riau,"527,491","641,458","414,803","45,94",SMA
532,69822688,SMAS ISLAM TERPADU SITUWANGI CIKAJANG,Jawa Barat,"527,359","589,903","455,418","34,42",SMA
533,20252288,SMAS PRESIDEN (BOARDING SCHOOL),Jawa Barat,"527,194","617,57","428,418","50,45",SMA
534,20503413,SMA NEGERI 3 JOMBANG,Jawa Timur,"527,045","609,635","415,57","36,36",SMA
535,10496358,SMAS PLUS TARUNA ANDALAN,Riau,"527,024","611,66","426,045","39,01",SMA
536,20206151,SMAN 1 BALEENDAH,Jawa Barat,"526,994","641,113","410,683","45,11",SMA
537,20574536,SMA AL MUSLIM,Jawa Timur,"526,96","620,99","425,085","41,38",SMA
538,69823287,SMA AL-ABIDIN BILINGUAL BOARDING SCHOOL,Jawa Tengah,"526,933","647,4","410,91","42,33",SMA
539,20328879,SMA NEGERI 11,Jawa Tengah,"526,929","621,48","401,96","33,5",SMA
540,20501784,SMAN 1 KRIAN,Jawa Timur,"526,926","638,828","417,3","39,07",SMA
541,20214989,SMAN 1 SUMBER,Jawa Barat,"526,909","628,968","420,468","40,01",SMA
542,69941830,MAN INSAN CENDEKIA PASER,Kalimantan Timur,"526,895","599,655","441,675","40,66",MA
543,20341151,SMAS AL ITISHOM GRABAG,Jawa Tengah,"526,807","589,453","435,745","37,21",SMA
544,20102564,SMAN 87 JAKARTA,DKI Jakarta,"526,788","649,87","430,985","38,61",SMA
545,20310425,SMAN 1 KARTASURA,Jawa Tengah,"526,782","627,998","426,08","34,89",SMA
546,20103308,SMAN 59 JAKARTA,DKI Jakarta,"526,742","625,885","418,83","32,8",SMA
547,20401132,SMAN 2 NGAGLIK,DI Yogyakarta,"526,72","614,733","420,988","30,46",SMA
548,20532231,SMAN 20 SURABAYA,Jawa Timur,"526,61","625,633","426,583","36,24",SMA
549,69948430,SMA IT AL HIKMAH,Jawa Timur,"526,5","589,978","425,953","42,17",SMA
550,30400382,SMAN 1 BERAU,Kalimantan Timur,"526,475","627,913","426,515","42,18",SMA
551,20107334,SMA TARAKANITA 1 JAKARTA,DKI Jakarta,"526,446","645,525","447,188","39,88",SMA
552,20317483,SMAN 1 BAE KUDUS,Jawa Tengah,"526,443","612,225","430,52","33,21",SMA
553,20603267,SMAN 7 KOTA TANGERANG SELATAN,Banten,"526,346","632,58","404,088","40,74",SMA
554,20102562,SMAN 97 JAKARTA,DKI Jakarta,"526,307","633,433","414,423","34,98",SMA
555,20103290,SMAN 105 JAKARTA,DKI Jakarta,"526,261","617,935","432,305","35,18",SMA
556,20100224,SMAN 30 JAKARTA,DKI Jakarta,"526,232","634,97","432,333","34,72",SMA
557,10403792,SMAN PINTAR,Riau,"526,229","627,258","438,515","40,78",SMA
558,30105212,SMAN 3 PONTIANAK,Kalimantan Barat,"526,199","643,213","396,005","40,88",SMA
559,20517786,SMAS AR ROHMAH DAU,Jawa Timur,"526,184","657,27","432,233","44,43",SMA
560,20101587,SMAN 84 JAKARTA,DKI Jakarta,"526,161","627,013","434,68","36,86",SMA
561,10303904,SMAN 1 PAYAKUMBUH,Sumatera Barat,"526,081","623,388","416,358","40,57",SMA
562,20102213,SMAN 37 JAKARTA,DKI Jakarta,"526,03","606,398","434,07","33,55",SMA
563,69975824,MAN INSAN CENDEKIA KOTA KENDARI,Sulawesi Tenggara,"525,846","637,303","435,943","45,14",MA
564,20533803,SMKS TELKOM SANDHY PUTRA,Jawa Timur,"525,809","642,07","452,693","33,73",SMK
565,20103787,SMKN 26 JAKARTA,DKI Jakarta,"525,782","608,585","456,795","35,22",SMK
566,20224511,SMA NEGERI 1 TASIKMALAYA,Jawa Barat,"525,782","658,385","404,615","44,16",SMA
567,69946479,SMA EDU GLOBAL,Jawa Barat,"525,707","623,418","406,85","40,57",SMA
568,20101625,SMAN 16 JAKARTA,DKI Jakarta,"525,641","605,105","418,275","33,37",SMA
569,20330331,SMKN 1 KARANGANYAR,Jawa Tengah,"525,639","593,52","461,393","32,51",SMK
570,20534125,SMAN 1 MADIUN,Jawa Timur,"525,532","650,523","417,273","35,89",SMA
571,10211316,SMAS METHODIST,Sumatera Utara,"525,492","642,965","412,028","46,07",SMA
572,20306186,SMKN 2 PURWOREJO,Jawa Tengah,"525,409","605,763","455,285","32,76",SMK
573,20306180,SMKN 1 PURWOREJO,Jawa Tengah,"525,399","603,573","456,735","34,86",SMK
574,20401133,SMAN 2 SLEMAN,DI Yogyakarta,"525,388","614,343","456,945","29,97",SMA
575,20218379,SMAN 2 TAMBUN SELATAN,Jawa Barat,"525,347","613,983","391,85","42,86",SMA
576,20321448,SMK NEGERI 2 TEMANGGUNG,Jawa Tengah,"525,243","603,448","442,535","35,34",SMK
577,20606847,SMAN 3 TANGERANG,Banten,"525,171","675,785","412,28","44,74",SMA
578,20514347,SMAN 1 SRENGAT,Jawa Timur,"525,147","631,7","427,02","37,93",SMA
579,50101696,SMAN 1 KUTA UTARA,Bali,"525,072","633,575","431,75","43,84",SMA
580,20219238,SMAN 15 BANDUNG,Jawa Barat,"525,056","619,388","416,56","40,78",SMA
581,20306806,SMA NEGERI 2 WONOSOBO,Jawa Tengah,"525,01","618,398","446,538","30,82",SMA
582,69766189,SMAS IT DAARUL HIKMAH,Kalimantan Timur,"524,941","635,49","456,95","41,62",SMA
583,50105492,SMAN BALI MANDARA,Bali,"524,842","568,035","446,425","33,55",SMA
584,20580757,MAS UNGGULAN AMANATUL UMMAH SURABAYA,Jawa Timur,"524,804","635,008","422,833","42,41",MA
585,11002199,SMAN 5 BATAM,Kepulauan Riau,"524,762","621,945","408,185","41,27",SMA
586,20219324,SMAN 9 BANDUNG,Jawa Barat,"524,736","627,923","423,383","36,73",SMA
587,20341603,SMAS AL IRSYAD AL ISLAMIYYAH,Jawa Tengah,"524,708","631,395","422,82","45,58",SMA
588,20265284,SMAS YOS SUDARSO,Jawa Barat,"524,681","613,423","451,11","43,89",SMA
589,50101705,SMAN 1 KUTA,Bali,"524,659","647,785","421,358","44,08",SMA
590,20219239,SMAN 14 BANDUNG,Jawa Barat,"524,657","634,16","403,885","43,45",SMA
591,20277119,MAN 2 KOTA BOGOR,Jawa Barat,"524,648","664,065","425,148","41,86",MA
592,20401126,SMAN 1 PRAMBANAN,DI Yogyakarta,"524,62","617,98","448,358","28,95",SMA
593,20506254,SMA NEGERI 2 LAMONGAN,Jawa Timur,"524,589","647,47","418,395","43,21",SMA
594,20534122,SMAN 3 TARUNA ANGKASA MADIUN,Jawa Timur,"524,516","609,448","409,658","38,28",SMA
595,10504553,SMAN 3 KOTA JAMBI,Jambi,"524,469","655,768","429,565","45,87",SMA
596,20223040,SMAN 9 BEKASI,Jawa Barat,"524,318","617,993","392,24","40,51",SMA
597,20254097,SMAS KETAPANG 3,Jawa Barat,"524,293","597,483","456,83",36,SMA
598,20229166,SMAN 4 KOTA DEPOK,Jawa Barat,"524,258","631,76","391,585","41,03",SMA
599,20508480,SMAN 1 NGAWI,Jawa Timur,"524,242","634,18","418,843","37,09",SMA
600,20321428,SMA NEGERI 1 PARAKAN,Jawa Tengah,"524,209","616,693","448,895","33,2",SMA
601,20323398,SMA NEGERI 1 KAJEN,Jawa Tengah,"524,192","628,273","427,853","38,31",SMA
602,10303610,SMAN 2 PADANG PANJANG,Sumatera Barat,"524,183","604,515","434,57","33,42",SMA
603,30401787,SMAS YAYASAN PENDIDIKAN VIDYA DAHANA PATRA,Kalimantan Timur,"524,179","627,308","441,935","38,88",SMA
604,20533661,SMAN 10,Jawa Timur,"524,16","623,995","419,905","35,26",SMA
605,20103299,SMAN 89 JAKARTA,DKI Jakarta,"524,143","622,553","417,163","37,67",SMA
606,10504684,SMAN 1 KOTA JAMBI,Jambi,"524,122","660,698","410,8","43,96",SMA
607,20102566,SMAN 82 JAKARTA,DKI Jakarta,"524,12","616,543","415,303","37,38",SMA
608,20613768,SMAN 6 KOTA TANGERANG SELATAN,Banten,"524,093","606,055","398,73","39,65",SMA
609,10600905,SMAN 1 UNGGULAN MUARA ENIM,Sumatera Selatan,"523,751","629,355","419,5","41,23",SMA
610,20103784,SMKN 48 JAKARTA,DKI Jakarta,"523,749","618,86","448,775","36,85",SMK
611,20533638,SMAS KATOLIK COR YESU,Jawa Timur,"523,693","600,35","439,73","36,52",SMA
612,20102573,SMAN 60 JAKARTA,DKI Jakarta,"523,69","615,245","432,255","36,18",SMA
613,20331978,SMAN 2 MAGELANG,Jawa Tengah,"523,623","620,488","429,095","36,1",SMA
614,20540294,SMA DARUL ULUM 2 UNGGULAN BPPT,Jawa Timur,"523,596","662,778","419,938","43,6",SMA
615,20224136,SMK NEGERI 1 CIMAHI,Jawa Barat,"523,581","629,175","452,823","38,96",SMK
616,20363060,MAN 1 SURAKARTA,Jawa Tengah,"523,567","626,175","421,54","38,59",MA
617,20504478,SMAN 2 BOJONEGORO,Jawa Timur,"523,524","632,958","440,31","33,29",SMA
618,20320385,SMA NEGERI 1 BRINGIN,Jawa Tengah,"523,486","583,925","434,795","37,23",SMA
619,20363211,MAS AL IRSYAD,Jawa Tengah,"523,458","608,465","440,135","45,53",MA
620,20219306,SMAN 6 BANDUNG,Jawa Barat,"523,415","612,89","428,883","39,94",SMA
621,10303905,SMAN 2 PAYAKUMBUH,Sumatera Barat,"523,347","640,325","420,925","39,43",SMA
622,20103291,SMAN 104 JAKARTA,DKI Jakarta,"523,252","626,385","407,87","35,09",SMA
623,20231317,SMAS MARSUDIRINI,Jawa Barat,"523,104","624,688","419,878","53,15",SMA
624,20109513,SMAS HIGH SCOPE,DKI Jakarta,"523,1","599,225","446,925",40,SMA
625,20219250,SMAN 22 BANDUNG,Jawa Barat,"523,042","624,005","416,795","44,97",SMA
626,10302476,SMAN 1 BATU SANGKAR,Sumatera Barat,"523,033","618,698","398,63","38,62",SMA
627,30304468,SMAS KRISTEN KANAAN,Kalimantan Selatan,"522,953","623,045","431,61","42,19",SMA
628,20231704,SMAS ANANDA,Jawa Barat,"522,946","625,565","448,395","42,37",SMA
629,20270492,SMAN 8 DEPOK,Jawa Barat,"522,906","610,665","388,29","40,21",SMA
630,20603270,SMAN 4 KOTA TANGERANG SELATAN,Banten,"522,852","644,155","410,283","41,22",SMA
631,20102211,SMAN 43 JAKARTA,DKI Jakarta,"522,841","605,993","429,348","33,94",SMA
632,20400380,SMA NEGERI 2 BANGUNTAPAN,DI Yogyakarta,"522,759","606,32","436,715","29,11",SMA
633,20328939,SMA NEGERI 09,Jawa Tengah,"522,728","646,17","450,993","30,81",SMA
634,20103258,SMAN 93 JAKARTA,DKI Jakarta,"522,673","626,955","414,973","36,84",SMA
635,20258092,SMAS MUTIARA BUNDA,Jawa Barat,"522,649","604,21","440,92","43,25",SMA
636,30304598,SMAN 2 BANJARBARU,Kalimantan Selatan,"522,522","617,87","426,495","40,41",SMA
637,20300727,SMA NEGERI 3 CILACAP,Jawa Tengah,"522,501","604,77","411,82","35,78",SMA
638,20220273,SMKN 1 BOGOR,Jawa Barat,"522,499","622,295","438,033","34,32",SMK
639,60724851,SMAS MUHAMMADIYAH BOARDING SCHOOL (MBS) SLEMAN,DI Yogyakarta,"522,466","653,065","418,945","41,1",SMA
640,69965070,SMA TAZKIA IIBS,Jawa Timur,"522,458","605,855","387,368","43,58",SMA
641,20532088,SMAS KATOLIK ST CAROLUS,Jawa Timur,"522,396","608,158","447,438","40,84",SMA
642,20402810,SMA NEGERI 1 PENGASIH,DI Yogyakarta,"522,347","615,718","446,95","33,86",SMA
643,69765014,SMAS ALBANNA,Bali,"522,297","623,303","422,575","43,54",SMA
644,30304260,SMAN 7 BANJARMASIN,Kalimantan Selatan,"522,229","640,758","401,74","45,43",SMA
645,10805055,SMAN 1 PRINGSEWU,Lampung,"522,11","637,868","424,133","41,7",SMA
646,20400416,SMK NEGERI 1 BANTUL,DI Yogyakarta,"522,028","615,448","438,255","29,56",SMK
647,11000433,SMAN 1 TANJUNG PINANG,Kepulauan Riau,"522,018","634,353","431,04","43,48",SMA
648,20363269,MAS ISLAMIC CENTRE BIN BAZ,DI Yogyakarta,"522,011",628,"446,458","38,36",MA
649,20100211,SMAN 4 JAKARTA,DKI Jakarta,"521,96","634,643","438,075","35,04",SMA
650,50103181,SMAS K SANTO YOSEPH DENPASAR,Bali,"521,94","621,355","423,34","43,63",SMA
651,20361201,SMAS INSAN CENDIKIA AL-MUJTABA,Jawa Tengah,"521,89","612,115","410,025","44,08",SMA
652,10900452,SMKN 1 TANJUNGPANDAN,Kepulauan Bangka Belitung,"521,836","614,743","459,51","41,91",SMK
653,20523828,SMAN AMBULU,Jawa Timur,"521,773","615,975","415,708","37,93",SMA
654,20327608,SMKN 1 MAGELANG,Jawa Tengah,"521,723","612,903","433,263","34,5",SMK
655,10400870,SMAS CENDANA MANDAU,Riau,"521,7","642,865","421,048","47,59",SMA
656,20309690,SMAN 3 KLATEN,Jawa Tengah,"521,688","629,123","420,448","33,45",SMA
657,20507733,SMAN 1 MEJAYAN,Jawa Timur,"521,68","603,613","418,52","32,85",SMA
658,20320369,SMA NEGERI 1 SURUH,Jawa Tengah,"521,657","597,62","440,965","44,9",SMA
659,20330330,SMKN 1 GOMBONG,Jawa Tengah,"521,654","653,383","441,163","32,66",SMK
660,10206580,SMAN 1 MATAULI PANDAN,Sumatera Utara,"521,613","646,58","414,395","44,96",SMA
661,20200686,SMAS DWI WARNA,Jawa Barat,"521,597","639,785","405,243","50,97",SMA
662,69774555,SMA ISLAM AL-AZHAR 8,Jawa Barat,"521,567","618,36","425,655","40,02",SMA
663,69965701,SMAIT ABU BAKAR BOARDING SCHOOL KULON PROGO,DI Yogyakarta,"521,52","624,37","431,47","46,55",SMA
664,10807070,SMAN 9 BANDAR LAMPUNG,Lampung,"521,517","625,785","409,973","44,39",SMA
665,20200685,SMAN 1 CIAWI BOGOR,Jawa Barat,"521,509","623,25","423,225","40,67",SMA
666,20268809,SMAS IT NURURRAHMAN,Jawa Barat,"521,482","618,588","440,793","36,99",SMA
667,69978360,MAN INSAN CENDEKIA BENGKULU TENGAH,Bengkulu,"521,479","616,413","466,618","38,71",MA
668,20223032,SMAN 11 BEKASI,Jawa Barat,"521,454","628,163","393,885","42,8",SMA
669,20310495,SMAS ASSALAM SUKOHARJO,Jawa Tengah,"521,405","638,758","424,188","44,79",SMA
670,20529954,SMAN 1 SUMENEP,Jawa Timur,"521,359","639,348","429,428","40,24",SMA
671,20307727,SMAN 1 GRABAG,Jawa Tengah,"521,354","624,375","434,038","40,99",SMA
672,20100780,SMAN 80 JAKARTA,DKI Jakarta,"521,349","618,315","393,755","35,12",SMA
673,20320244,SMA NEGERI 1 TENGARAN,Jawa Tengah,"521,325","612,613","428,855","36,46",SMA
674,20107306,SMAS ISLAM AL-AZHAR 3 JAKARTA,DKI Jakarta,"521,316","624,678","408,218","44,64",SMA
675,20177948,MAS PEMBANGUNAN UIN,DKI Jakarta,"521,283","615,443","427,698","41,91",MA
676,20221561,SMAN 3 SUKABUMI,Jawa Barat,"521,275","633,813","416,743","47,51",SMA
677,10404988,SMAN BINSUS KOTA DUMAI,Riau,"521,26","632,11","436,978","39,94",SMA
678,20532218,SMAN 18 SURABAYA,Jawa Timur,"521,178","628,498","423,993","36,71",SMA
679,20402127,SMAN 2 PLAYEN,DI Yogyakarta,"521,135","595,975","444,115","30,77",SMA
680,20231316,SMAS MARDI WALUYA,Jawa Barat,"521,107","620,808","437,798","40,28",SMA
681,20324218,SMAN 1 COMAL,Jawa Tengah,"521,082","616,678","422,105","36,24",SMA
682,40314696,SMKN 11 MAKASSAR,Sulawesi Selatan,"521,081","640,608","444,233","47,96",SMK
683,20402817,SMK N 2 PENGASIH,DI Yogyakarta,"521,069","614,978","465,045","31,3",SMK
684,20606829,SMAN 7 TANGERANG,Banten,"521,068","625,565","425,273","41,06",SMA
685,20535052,SMAN 3 BLITAR,Jawa Timur,"521,063","628,903","420,64","38,83",SMA
686,20577343,SMAS AR-ROHMAH PUTRI BOARDING SCHOOL DAU,Jawa Timur,521,"640,74","432,87","43,09",SMA
687,30401786,SMAN 1 BONTANG,Kalimantan Timur,"520,992","616,175","430,513","35,43",SMA
688,20363221,MAS PPMI ASSALAAM,Jawa Tengah,"520,949","637,715","408,738","44,77",MA
689,20330332,SMKN 1 KEBUMEN,Jawa Tengah,"520,94","590,173","436,35","32,39",SMK
690,20308442,SMAN 1 SIMO,Jawa Tengah,"520,83","619,488","447,725","35,22",SMA
691,20303231,SMAN 1 BOBOTSARI,Jawa Tengah,"520,79","627,083","441,205","35,47",SMA
692,50100843,SMAN 1 NEGARA,Bali,"520,784","643,978","431,933","42,01",SMA
693,20403227,SMAS BOPKRI 1,DI Yogyakarta,"520,69","600,39","416,238","34,94",SMA
694,69964938,SMA NEGERI 3 SUMATERA BARAT,Sumatera Barat,"520,682","637,885","450,133","43,91",SMA
695,69943715,SMA AL ADZKAR,Banten,"520,669","601,735","459,683","31,09",SMA
696,20103279,SMAN 9 JAKARTA,DKI Jakarta,"520,654","618,03","430,293","34,38",SMA
697,20401125,SMAN 1 SEYEGAN,DI Yogyakarta,"520,649","602,915","411,373","30,89",SMA
698,69866096,SMA AL MINHAJ,Jawa Barat,"520,645","605,503","424,838","39,75",SMA
699,20220322,SMAS BINA INSANI,Jawa Barat,"520,624","617,055","436,128","40,87",SMA
700,20224510,SMA Negeri 2 Tasikmalaya,Jawa Barat,"520,61","633,603","412,628","45,82",SMA
701,10403996,SMAS CENDANA,Riau,"520,542","630,875","410,053","48,81",SMA
702,20510147,SMAN 2 PONOROGO,Jawa Timur,"520,458","634,188","423,518","33,25",SMA
703,20312173,SMAN KARANGPANDAN,Jawa Tengah,"520,421","641,293","423,25","33,34",SMA
704,20100219,SMAN 24 JAKARTA,DKI Jakarta,"520,404","595,635","426,515","35,04",SMA
705,20402796,SMA NEGERI 1 SENTOLO,DI Yogyakarta,"520,402","616,685","452,29","34,11",SMA
706,20220313,SMAS MARDI YUANA,Jawa Barat,"520,372","634,475","411,78","43,02",SMA
707,20522640,SMAN 1 SITUBONDO,Jawa Timur,"520,361","620,913","422,643","42,41",SMA
708,20231720,SMAN 14 BEKASI,Jawa Barat,"520,352","623,498","402,778","40,88",SMA
709,20511953,SMAN 1 PARE,Jawa Timur,"520,305","622,455","431,47","33,55",SMA
710,20103289,SMAN 106 JAKARTA,DKI Jakarta,"520,233","629,533","434,633","33,27",SMA
711,20305013,SMAN 1 KUTOWINANGUN,Jawa Tengah,"520,198","631,665","428,79","36,29",SMA
712,20309681,SMAN 1 JOGONALAN,Jawa Tengah,"520,142","632,415","437,823","35,08",SMA
713,20219316,SMAN 7 BANDUNG,Jawa Barat,"520,133","609,588","430,23","39,12",SMA
714,20219247,SMAN 25 BANDUNG,Jawa Barat,"520,118","609,888","417,335","40,5",SMA
715,20534749,SMAN 2,Jawa Timur,"520,038","624,185","395,648","36,65",SMA
716,20300731,SMA NEGERI 1 MAOS,Jawa Tengah,"520,022","599,608","427,768","35,14",SMA
717,20100210,SMAN 5 JAKARTA,DKI Jakarta,"519,959","612,083","399,433","36,11",SMA
718,20319280,SMAN 1 DEMAK,Jawa Tengah,"519,892","608,545","420,638","36,6",SMA
719,20263963,SMKN KEHUTANAN KADIPATEN,Jawa Barat,"519,836","608,093","440,22","33,85",SMK
720,20314884,SMAN 1 CEPU,Jawa Tengah,"519,824","619,308","432,755","40,57",SMA
721,10300299,SMA NEGERI 1 AMPEK ANGKEK,Sumatera Barat,"519,818","641,695","398,35","41,07",SMA
722,20337795,SMAS IT AL HIKMAH KARANGGEDE,Jawa Tengah,"519,756","635,315","436,163","48,48",SMA
723,20103769,SMK CARAKA NUSANTARA,DKI Jakarta,"519,737","604,055","459,233","32,15",SMK
724,20329508,SMA Negeri 3 Pekalongan,Jawa Tengah,"519,699","622,105","432,908","34,74",SMA
725,69767796,SMAS KRISTEN 2 KUPANG,Nusa Tenggara Timur,"519,607","583,063","465,745","30,37",SMA
726,20327586,SMKN 2 MAGELANG,Jawa Tengah,"519,593","602,33","433,028","32,07",SMK
727,P9908600,PKBM HOMESCHOOLING PRIMAGAMA,Bali,"519,59","602,008","406,003","56,28",PKBM
728,20402788,SMK NEGERI 1 PENGASIH,DI Yogyakarta,"519,534","599,205","450,475","32,13",SMK
729,20546529,SMA TARUNA DRA. ZULAEHA,Jawa Timur,"519,494","615,71","420,683","43,47",SMA
730,20517736,SMAN 1 TUMPANG,Jawa Timur,"519,493","626,178","405,22","39,8",SMA
731,10201985,SMA NEGERI 1 KABANJAHE,Sumatera Utara,"519,493","647,155","378,39","47,25",SMA
732,20507726,SMAN 1 GEGER,Jawa Timur,"519,481","633,183","413,293","34,93",SMA
733,20307710,SMAN 1 SALAMAN,Jawa Tengah,"519,472","618,573","418,385","33,6",SMA
734,20220341,SMAN 10 BOGOR,Jawa Barat,"519,466","620,34","399,535","41,25",SMA
735,20403157,SMAS MUHAMMADIYAH 1 YOGYAKARTA,DI Yogyakarta,"519,456","615,988","433,885","36,95",SMA
736,20247276,SMAS LAZUARDI GIS,Jawa Barat,"519,432","597,895","428,72","35,33",SMA
737,20112433,SMAS JAKARTA ISLAMIC SCHOOL,DKI Jakarta,"519,235","643,818","416,778","44,54",SMA
738,20229161,SMAS MARDI YUANA PANCORAN MAS,Jawa Barat,"519,147","654,863","430,515","38,08",SMA
739,20219246,SMAN 19 BANDUNG,Jawa Barat,"519,061","663,38","429,178","38,42",SMA
740,20363282,MAN 2 YOGYAKARTA,DI Yogyakarta,"519,007","622,66","434,228","32,34",MA
741,20515450,SMAN 1 BOYOLANGU,Jawa Timur,"519,004","627,823","410,623","38,26",SMA
742,20219240,SMAN 13 BANDUNG,Jawa Barat,"518,924","614,818","412,223","35,06",SMA
743,20525855,SMAN 1 GIRI,Jawa Timur,"518,914","619,428","408,138","40,76",SMA
744,20363001,MAS WATHONIYAH ISLAMIYAH KARANGDUWUR,Jawa Tengah,"518,843","611,885","457,5","36,62",MA
745,20363090,MAS NU BANAT KUDUS,Jawa Tengah,"518,817","648,2","411,62","46,17",MA
746,20213893,SMAN 1 MAJALENGKA,Jawa Barat,"518,771","653,218","414,2","42,28",SMA
747,69961248,SMA IT PUTRI AL HANIF,Banten,"518,759","608,838","407,103","54,1",SMA
748,20328898,SMA NEGERI 15,Jawa Tengah,"518,751","600,68","418,398","32,6",SMA
749,10211702,SMAN 4 PEMATANG SIANTAR,Sumatera Utara,"518,714","620,873","407,663","43,83",SMA
750,20521711,SMAN 2 BONDOWOSO,Jawa Timur,"518,709","626,558","405,045","38,56",SMA
751,20325279,SMAN 3 SLAWI,Jawa Tengah,"518,634","611,853","430,068","30,02",SMA
752,69897124,SMA ISLAM AL AZHAR 14,Jawa Tengah,"518,567","607,463","432,383","45,55",SMA
753,20224112,SMA NEGERI 5 CIMAHI,Jawa Barat,"518,534","617,733","418,97","37,41",SMA
754,69894827,Tahfizh Nurul Iman,Jawa Tengah,"518,506","571,77","468,335","27,31",MA
755,20501703,SMAN 1 WARU,Jawa Timur,"518,505","637,765","412,698","38,49",SMA
756,20328891,SMA NEGERI 07,Jawa Tengah,"518,493","614,948","442,438","30,97",SMA
757,60725447,SMAS GIBS,Kalimantan Selatan,"518,462","645,513","420,483","45,74",SMA
758,20407372,SMAS TERPADU BINA UMAT,DI Yogyakarta,"518,46","615,303","461,68","31,94",SMA
759,20317501,SMAN 2 KUDUS,Jawa Tengah,"518,459","621,103","425,78","35,25",SMA
760,20329845,SMAN 3 TEGAL,Jawa Tengah,"518,39","610,598","428,75","31,48",SMA
761,10263550,SMAN 2 LINTONGNIHUTA,Sumatera Utara,"518,311","602,86","413,78","41,86",SMA
762,20363035,MAN SALATIGA,Jawa Tengah,"518,239","602,983","424,28","38,75",MA
763,20501862,SMAN 1 GEDANGAN,Jawa Timur,"518,18","618,553","422,243","36,1",SMA
764,20101585,SMAN 94 JAKARTA,DKI Jakarta,"518,053","609,55","435,385","34,52",SMA
765,20218356,SMAN 1 CIKARANG UTARA,Jawa Barat,"518,006","635,38","403,555","47,52",SMA
766,69829549,SMA SYUBBANUL WATHON,Jawa Tengah,"517,958","611,245","420,113","35,72",SMA
767,20222311,SMAN 6 CIREBON,Jawa Barat,"517,944","610,008","415,788","38,35",SMA
768,30300239,SMAN 1 MARTAPURA,Kalimantan Selatan,"517,899","632,86","430,545","37,71",SMA
769,20203739,SMAN 1 CIANJUR,Jawa Barat,"517,892","636,105","420,553",42,SMA
770,20328398,SMAS KRISTEN 1 SIDOMUKTI,Jawa Tengah,"517,888","593,858","446,8","36,63",SMA
771,30304280,SMAN 1 BANJARMASIN,Kalimantan Selatan,"517,843","636,435","418,99","43,14",SMA
772,20313028,SMAN 2 SRAGEN,Jawa Tengah,"517,839","613,63","434,35","33,52",SMA
773,20519303,SMAN 1 BANGIL,Jawa Timur,"517,758","614,22","420,673","38,97",SMA
774,50102568,SMAN 1 BANGLI,Bali,"517,751","641,333","429,655","42,29",SMA
775,20363271,MAS ALI MAKSUM,DI Yogyakarta,"517,657","610,96","421,2","40,71",MA
776,20102210,SMAN 46 JAKARTA,DKI Jakarta,"517,553","627,65","424,303","35,46",SMA
777,20400389,SMA NEGERI 3 BANTUL,DI Yogyakarta,"517,478","615,348","437,4","33,24",SMA
778,50103120,SMAN 7 DENPASAR,Bali,"517,467","633,475","402,758","42,19",SMA
779,20302168,SMAN 4 PURWOKERTO,Jawa Tengah,"517,444","617,035","429,8","29,4",SMA
780,20109516,SMAS INTERNATIONAL ISLAMIC HIGH SCHOOL (IIHS),DKI Jakarta,"517,429","630,243","417,013","46,68",SMA
781,20327979,SMAS MTA SURAKARTA,Jawa Tengah,"517,388","624,008","411,545","40,59",SMA
782,20100212,SMAN 35 JAKARTA,DKI Jakarta,"517,321","604,245","433,765","34,01",SMA
783,20363083,MAS MAAHID,Jawa Tengah,"517,314","589,47","427,503","46,06",MA
784,20221590,SMAS MARDI YUANA,Jawa Barat,"517,22","607,49","418,89","48,37",SMA
785,20403151,SMAS BUDYA WACANA,DI Yogyakarta,"517,194","609,808","443,465","38,25",SMA
786,10901003,SMAN 1 MANGGAR,Kepulauan Bangka Belitung,"517,109","654,018","423,625","38,36",SMA
787,20401160,SMAN 1 GAMPING,DI Yogyakarta,"517,099","576,208","418,575","26,88",SMA
788,69766210,SMAN 10 KAUR (PENTAGON),Bengkulu,"517,073","597,325","454,16","37,65",SMA
789,20107322,SMAS PANGUDI LUHUR JAKARTA,DKI Jakarta,"517,052","596,748","456,71","35,69",SMA
790,20534383,SMAN 7 KEDIRI,Jawa Timur,"516,894","624,4","423,518","40,54",SMA
791,20237987,SMAN 1 CIKARANG PUSAT,Jawa Barat,"516,836","640,028","411,163","42,33",SMA
792,20532261,SMAN 7 SURABAYA,Jawa Timur,"516,832","597,28","419,635","35,21",SMA
793,20533639,SMAN 7,Jawa Timur,"516,825","636,798","424,18","33,83",SMA
794,20332522,SMA KRISTEN TERANG BANGSA,Jawa Tengah,"516,759","633,57","415,425","46,26",SMA
795,20303246,SMAN 2 PURBALINGGA,Jawa Tengah,"516,686","611,045","440,013","31,24",SMA
796,30201848,SMAN 1 PANGKALAN BUN,Kalimantan Tengah,"516,641","593,63","443,08","33,05",SMA
797,P9908270,PKBM HOME SCHOOLING PRIMAGAMA,DI Yogyakarta,"516,637","628,078","432,908","44,54",PKBM
798,20252020,SMA IIBS,Jawa Barat,"516,614","613,403","428,57","42,24",SMA
799,69830525,SMA KEBANGSAAN,Lampung,"516,534","627,578","417,698","44,54",SMA
800,20215991,SMAN 1 SINDANG,Jawa Barat,"516,517","628,503","428,588","41,08",SMA
801,69946713,SMA ISLAM AL AZHAR 9 YOGYAKARTA,DI Yogyakarta,"516,459","634,31","424,448","48,04",SMA
802,20606289,SMAN 1 CILEGON,Banten,"516,404","609,355","398,023","41,24",SMA
803,20310418,SMAN 1 TAWANGSARI,Jawa Tengah,"516,403","602,73","445,225","31,37",SMA
804,69761840,SMAS Islam Bunga Bangsa,Kalimantan Timur,"516,389","606,685","456,51","39,92",SMA
805,20400373,SMA NEGERI 1 SANDEN,DI Yogyakarta,"516,374","596,155","434,89","29,8",SMA
806,20306811,SMK NEGERI 1 WONOSOBO,Jawa Tengah,"516,314","626,243","434,948","34,02",SMK
807,20403182,SMAS BOPKRI 2,DI Yogyakarta,"516,295","598,57","451,08","38,4",SMA
808,69967066,SMAIT Buahati Islamic School,DKI Jakarta,"516,276","583,455","433,365","40,62",SMA
809,10303781,SMAN 1 SOLOK,Sumatera Barat,"516,272","634,315","414,078","39,84",SMA
810,20219720,SMAS DARUL HIKAM BANDUNG,Jawa Barat,"516,266","597,08","430,673","41,65",SMA
811,20306172,SMAN 6 PURWOREJO,Jawa Tengah,"516,245","610,038","437,765","31,22",SMA
812,20532243,SMAN 10 SURABAYA,Jawa Timur,"516,217","597,265","391,665","37,44",SMA
813,20302183,SMAN 1 JATILAWANG,Jawa Tengah,"516,2","614,085","425,705","36,85",SMA
814,10107309,SMAS FATIH BILINGUAL SCHOOL,Aceh,"516,062","635,79","386,34","58,76",SMA
815,20584134,MAN 1 BLITAR,Jawa Timur,"516,053","636,393","438,683","38,07",MA
816,20320241,SMA NEGERI 2 UNGARAN,Jawa Tengah,"516,039","589,428","442,588","29,59",SMA
817,20403280,SMKN 2 YOGYAKARTA,DI Yogyakarta,"516,02","603,313","428,823","31,3",SMK
818,20300732,SMA NEGERI 1 MAJENANG,Jawa Tengah,"515,978","623,483","425,428","37,87",SMA
819,30105466,SMAN 3 SINGKAWANG,Kalimantan Barat,"515,925","600,933","423,935","38,29",SMA
820,69943795,SMA Islam Al Azhar 15,Jawa Tengah,"515,865","624,378","420,045","55,09",SMA
821,20277242,MAS PUTRI PUI TALAGA,Jawa Barat,"515,862","568,37","454,078","33,31",MA
822,20403295,SMKN 7 YOGYAKARTA,DI Yogyakarta,"515,842","616,473","439,905","30,6",SMK
823,50204515,SMAN 5 MATARAM,Nusa Tenggara Barat,"515,74","636,05","411,778","43,59",SMA
824,10307309,SMAN 1 PARIAMAN,Sumatera Barat,"515,723","612,965","385,135","42,76",SMA
825,20318318,SMK NEGERI 3 JEPARA,Jawa Tengah,"515,681","590,588","446,013","34,27",SMK
826,20312172,SMAN KEBAKKRAMAT,Jawa Tengah,"515,678","598,738","429,268","32,17",SMA
827,10303467,SMAS DON BOSCO,Sumatera Barat,"515,664","608,583","408,383","37,26",SMA
828,20362931,MAN 1 JEPARA,Jawa Tengah,"515,639","593,463","435,055","35,28",MA
829,50102366,SMAN 1 SEMARAPURA,Bali,"515,638","635,92","405,625","44,12",SMA
830,20107289,SMA CHARITAS,DKI Jakarta,"515,603","641,088","397,903","45,58",SMA
831,20532146,SMAS KATOLIK STELLA MARIS,Jawa Timur,"515,591","602,183","449,855","44,85",SMA
832,20407373,SMKS INDONESIA YOGYAKARTA,DI Yogyakarta,"515,501","598,945","424,818","31,86",SMK
833,20538394,SMAN 1 KERTOSONO,Jawa Timur,"515,489","633,68","435,76","36,79",SMA
834,69980514,MAN INSAN CENDEKIA KOTA PALU,Sulawesi Tengah,"515,453","629,295","426,318","45,38",MA
835,30401058,SMA Negeri 3 Samarinda,Kalimantan Timur,"515,401","625,11","427,685","37,4",SMA
836,20100223,SMAN 27 JAKARTA,DKI Jakarta,"515,353","623,59","410,063","35,17",SMA
837,20103300,SMAN 88 JAKARTA,DKI Jakarta,"515,343","615,475","444,568","33,29",SMA
838,20301902,SMKS TELEKOMUNIKASI SANDHY PUTRA PURWOKERTO,Jawa Tengah,"515,314","604,05","435,215","33,83",SMK
839,20603346,SMAS ISLAMIC VILLAGE,Banten,"515,301","645,058","427,12","46,24",SMA
840,20103305,SMAN 64 JAKARTA,DKI Jakarta,"515,289","624,99","416,813","33,72",SMA
841,10404015,SMA NEGERI 4 PEKANBARU,Riau,"515,268","610,948","412,4","40,03",SMA
842,20219257,SMAN 10 BANDUNG,Jawa Barat,"515,217","624,275","411,985","41,3",SMA
843,10807030,SMA S FRANSISCUS,Lampung,"515,198","611,43","421,673","44,54",SMA
844,10307525,SMAN 3 BUKITTINGGI,Sumatera Barat,"515,185","632,238","418,828","37,93",SMA
845,69814064,SMAS KRISTEN 2 RANTEPAO,Sulawesi Selatan,"515,124","638,655","433,618","45,78",SMA
846,20402116,SMAN 1 SEMIN,DI Yogyakarta,"515,085","590,253","452,378","34,53",SMA
847,30315550,MAN 2 HULU SUNGAI UTARA,Kalimantan Selatan,"514,999","605,86","458,353","40,4",MA
848,20404175,SMAS PANGUDI LUHUR,DI Yogyakarta,"514,964","604,538","440,553","31,62",SMA
849,20309526,SMKN 2 KLATEN,Jawa Tengah,"514,963","615,638","445,445","32,04",SMK
850,10263753,MAS KMI DINIYAH PUTERI,Sumatera Barat,"514,897","584,443","415,253","36,78",MA
851,20311331,SMAN 2 WONOGIRI,Jawa Tengah,"514,877","614,323","415,94","33,14",SMA
852,30401066,SMA Negeri 1 Samarinda,Kalimantan Timur,"514,865","634,543","428,935","41,56",SMA
853,10307524,SMAN 2 BUKITTINGGI,Sumatera Barat,"514,858","619,44","409,313","39,82",SMA
854,20257102,SMAS IT THORIQ BIN ZIYAD,Jawa Barat,"514,702","634,243","409,01","45,79",SMA
855,20103312,SMAN 51 JAKARTA,DKI Jakarta,"514,693","624,563","398,478","34,83",SMA
856,20103287,SMAN 11 JAKARTA,DKI Jakarta,"514,675","609,56","429,598","33,34",SMA
857,20318337,SMA NEGERI 1 WELAHAN,Jawa Tengah,"514,663","617,203","420,26","38,85",SMA
858,10900238,SMAN 1 BELINYU,Kepulauan Bangka Belitung,"514,621","612,66","441,815","37,89",SMA
859,20403146,SMAS STELLA DUCE 2,DI Yogyakarta,"514,616","618,238","409,215","42,58",SMA
860,20300729,SMA NEGERI 1 SIDAREJA,Jawa Tengah,"514,6","608,425","389,773","38,11",SMA
861,20326490,SMAN 1 BUMIAYU,Jawa Tengah,"514,591","654,04","424,105","36,67",SMA
862,30401697,SMAN 1 TARAKAN,Kalimantan Utara,"514,583","626,753","407,033","42,96",SMA
863,20177928,MAN 13 JAKARTA,DKI Jakarta,"514,575","611,238","417,855","38,35",MA
864,11000382,SMKN 1 BATAM,Kepulauan Riau,"514,568","586,7","435,425","34,04",SMK
865,60103098,SMAN SIWALIMA AMBON,Maluku,"514,554","606,478","431,673","35,78",SMA
866,20101500,SMKN 42 JAKARTA,DKI Jakarta,"514,467","610,38","462,048","34,51",SMK
867,20503407,SMA NEGERI NGORO,Jawa Timur,"514,466","603,538","414,788","38,13",SMA
868,20535465,UPT SMA NEGERI 2 PASURUAN,Jawa Timur,"514,464","641,36","413,278","36,71",SMA
869,20221587,SMAS PESANTREN TERPADU HAYATAN THAYYIBAH,Jawa Barat,"514,427","645,888","412,28","54,16",SMA
870,50103122,SMAN 5 DENPASAR,Bali,"514,417","621,268","413,553","38,18",SMA
871,20613785,SMAN 23 KABUPATEN TANGERANG,Banten,"514,404","603,943","419,735","37,54",SMA
872,20206227,SMAN 1 CISARUA,Jawa Barat,"514,35","628,465","402,058","40,95",SMA
873,69874079,SMA REGINA CAELI,Jawa Barat,"514,349","581,98","460,978","36,92",SMA
874,20503415,SMA NEGERI 1 JOMBANG,Jawa Timur,"514,292","615,878","412,528","36,37",SMA
875,20339022,SMA NEGERI 1 TAYU,Jawa Tengah,"514,274","619,355","424,56","34,37",SMA
876,20401136,SMKN 1 TEMPEL,DI Yogyakarta,"514,22","589,318","447,685","34,6",SMK
877,10901019,SMAN 1 KELAPA KAMPIT,Kepulauan Bangka Belitung,"514,21","596,958","439,175","36,06",SMA
878,50103126,SMAN 2 DENPASAR,Bali,"514,184","628,738","411,253","43,37",SMA
879,20101604,SMAN 57 JAKARTA,DKI Jakarta,"514,088","612,325","417,415","34,99",SMA
880,40203776,SMAN MODEL TERPADU MADANI,Sulawesi Tengah,"514,077","614,1","409,675","41,8",SMA
881,20534408,SMKN 2 KEDIRI,Jawa Timur,"514,009","591,843","432,045","35,83",SMK
882,20219775,SMAS PLUS MUTHAHHARI,Jawa Barat,"513,993","632,94","423,73","53,53",SMA
883,69856217,SMA PEMBANGUNAN JAYA 2,Jawa Timur,"513,891","636,39","431,4","58,74",SMA
884,20219141,SMKN 7 BANDUNG,Jawa Barat,"513,848","595,76","425,838","36,48",SMK
885,20219235,SMAN 17 BANDUNG,Jawa Barat,"513,842","620,558","438,825","35,61",SMA
886,20580048,MAN 2 KOTA MADIUN,Jawa Timur,"513,838","634,158","421,338","42,24",MA
887,20401128,SMAN 1 NGEMPLAK,DI Yogyakarta,"513,784","606,24","449,37","32,54",SMA
888,20501700,SMAN 4 SIDOARJO,Jawa Timur,"513,774","594,67","405,403","37,23",SMA
889,30401785,SMAN 2 BONTANG,Kalimantan Timur,"513,714","593,035","420,303","35,33",SMA
890,20101621,SMAN 23 JAKARTA,DKI Jakarta,"513,701","611,08","417,003","33,94",SMA
891,20326488,SMAN 1 BREBES,Jawa Tengah,"513,65","626,528","427,12","38,5",SMA
892,20270720,SMAS ISLAM HASMI,Jawa Barat,"513,606","599,38","439,785","41,78",SMA
893,69976449,MAN INSAN CENDEKIA SAMBAS,Kalimantan Barat,"513,589","599,718","437,68","35,7",MA
894,20401193,SMKN 1 DEPOK,DI Yogyakarta,"513,535","587,533","438,425","33,26",SMK
895,20400374,SMA NEGERI 1 PUNDONG,DI Yogyakarta,"513,476","613,588","424,183","36,12",SMA
896,20580301,MAS MUHAMMADIYAH 1 JEMBER,Jawa Timur,"513,472","576,038","462,07","27,96",MA
897,50202522,SMAN 1 SELONG,Nusa Tenggara Barat,"513,421","631,143","428,473","43,28",SMA
898,20331830,SMKS FARMASI NASIONAL SURAKARTA,Jawa Tengah,"513,392","589,975","443,593","33,98",SMK
899,20318339,SMA NEGERI 1 PECANGAAN,Jawa Tengah,"513,357","619,925","422,99","36,84",SMA
900,20328448,SMAN 2 SALATIGA,Jawa Tengah,"513,224","625,86","447,725","35,42",SMA
901,20534308,SMAS AR RISALAH,Jawa Timur,"513,197","622,288","437,65","47,25",SMA
902,20401137,SMKN 1 GODEAN,DI Yogyakarta,"513,158","605,183","429,548","31,45",SMK
903,20532167,SMAS LUQMAN AL HAKIM,Jawa Timur,"513,141","631,903","400,46","48,39",SMA
904,30101943,SMAN 1 SANGGAU,Kalimantan Barat,"513,092","644,778","416,213","41,23",SMA
905,10403425,SMAN 1 TUALANG,Riau,"513,026","638,783","416,933","42,54",SMA
906,20328460,SMKN 2 SALATIGA,Jawa Tengah,"513,014","592,225","442,138","32,12",SMK
907,40307392,SMAN 5 MAKASSAR,Sulawesi Selatan,"512,963","622,178","381,173","45,42",SMA
908,10700669,SMAN 1 REJANG LEBONG,Bengkulu,"512,95","634,673","393,855","44,11",SMA
909,20330335,SMKN 2 KEBUMEN,Jawa Tengah,"512,941","603,063","404,583","36,62",SMK
910,20280328,MAS PERSIS TAROGONG,Jawa Barat,"512,935","627,508","423,753","38,65",MA
911,20623275,MAN 2 KOTA SERANG,Banten,"512,904","632,703","410,258","44,53",MA
912,20103280,SMAN 36 JAKARTA,DKI Jakarta,"512,892","615,363","424,373","35,16",SMA
913,20523826,SMAN 4 JEMBER,Jawa Timur,"512,844","609,113","426,758","38,9",SMA
914,20200601,SMAN 1 LEUWILIANG,Jawa Barat,"512,835","635,268","414,213","38,55",SMA
915,30401059,SMA Negeri 2 Samarinda,Kalimantan Timur,"512,818","599,465","421,36","36,03",SMA
916,10609706,SMA XAVERIUS 03 PALEMBANG,Sumatera Selatan,"512,778","630,023","424,235","44,1",SMA
917,20208419,SMAN 1 SUMEDANG,Jawa Barat,"512,765","649,923","401,33","44,83",SMA
918,20100779,SMAN 75 JAKARTA,DKI Jakarta,"512,751","602,198","403,868","34,52",SMA
919,20206208,SMAN 1 PADALARANG,Jawa Barat,"512,75","616,825","438,745","36,09",SMA
920,69893966,SMA GLOBAL ISLAMIC SCHOOL 2,Banten,"512,728","592,52","415,518","39,51",SMA
921,20251793,SMAN 1 CILEUNYI,Jawa Barat,"512,707","635,233","424,678","40,12",SMA
922,10303504,SMAN 7 PADANG,Sumatera Barat,"512,659","621,633","415,918","37,34",SMA
923,20603164,SMAS DAAR EL QOLAM,Banten,"512,656","601,02","437,78","34,19",SMA
924,20325258,SMKN 1 SLAWI,Jawa Tengah,"512,631","609,783","420,098","32,5",SMK
925,10219919,SMAS HARAPAN 3 DELI TUA,Sumatera Utara,"512,529","622,875","422,798","44,98",SMA
926,20223068,SMAS PANGUDI LUHUR II,Jawa Barat,"512,519","599,315","426,533","37,34",SMA
927,20584790,MAN 2 TULUNGAGUNG,Jawa Timur,"512,502","624,043","422,233","38,42",MA
928,10497348,SMK KEHUTANAN NEGERI PEKANBARU,Riau,"512,496","583,49","421,938","35,44",SMK
929,20219237,SMAN 16 BANDUNG,Jawa Barat,"512,495","661,278","407,728","35,44",SMA
930,20541242,SMAN 1 SUMBERREJO,Jawa Timur,"512,366","589,895","427,943","36,19",SMA
931,69859757,SMA INSAN RABBANY,Banten,"512,282","616,75","436,49","48,55",SMA
932,20402089,SMKN 2 WONOSARI,DI Yogyakarta,"512,275","610,61","441,955","32,55",SMK
933,20338920,SMK NEGERI 1 SRAGI,Jawa Tengah,"512,203","581,555","442,743","34,51",SMK
934,60726350,SMAS PLUS AL FATIMAH,Jawa Timur,"512,183","596,9","428,35","39,18",SMA
935,20177927,MAN 7 JAKARTA,DKI Jakarta,"512,152","619,593","409,573","38,67",MA
936,20519328,SMAS AL - MA HADUL ISLAMI BEJI,Jawa Timur,"512,148","601,933","435,018","41,16",SMA
937,10603865,SMA NEGERI 01 PALEMBANG,Sumatera Selatan,"512,142","640,025","409,723","46,66",SMA
938,20606271,SMAN 2 KRAKATAU STEEL CILEGON,Banten,"512,137","644,178","402,665","40,59",SMA
939,20520821,SMAN 1 LUMAJANG,Jawa Timur,"512,111","613,408","426,74","35,85",SMA
940,20584211,MAN 1 MALANG,Jawa Timur,"512,099","596,553","428,233","35,86",MA
941,20362426,SMAS ISLAM AL-AZHAR SOLO BARU,Jawa Tengah,"512,056","624,58","435,538","35,48",SMA
942,20276187,SMAN 9 DEPOK,Jawa Barat,"512,043","607,253","395,798","40,52",SMA
943,20103282,SMAN 22 JAKARTA,DKI Jakarta,"512,024","586,56","428,453","31,75",SMA
944,10307616,SMKN ANALIS KIMIA PADANG,Sumatera Barat,"512,021","572,14","460,203","29,29",SMK
945,20330346,SMAS AL ISLAM 1 SURAKARTA,Jawa Tengah,"511,95","622,625","410,48","42,15",SMA
946,69954194,SMA ISLAM AL - AZHAR 18 GRAND WISATA,Jawa Barat,"511,945","632,51","435,163","37,84",SMA
947,20312189,SMAN 2 KARANGANYAR,Jawa Tengah,"511,899","592,083","433,385","29,69",SMA
948,20314864,SMKN 2 BLORA,Jawa Tengah,"511,884","593,898","450,04","34,45",SMK
949,20580038,MAN KOTA BATU,Jawa Timur,"511,811","610,293","412,885","36,43",MA
950,20102565,SMAN 86 JAKARTA,DKI Jakarta,"511,799","607,635","433,058","33,98",SMA
951,20308441,SMAN 1 TERAS,Jawa Tengah,"511,794","594,135","431,065","34,61",SMA
952,20537011,SMAN 1 KEBOMAS,Jawa Timur,"511,771","616,773","393,993","37,9",SMA
953,20538321,SMAN 1 NGANJUK,Jawa Timur,"511,765","634,04","427,835","34,88",SMA
954,20280140,MAS DARUL MARHAMAH,Jawa Barat,"511,728","587,765","430,11","42,28",MA
955,10102744,SMAN UNGGUL TAPAKTUAN,Aceh,"511,721","600,128","449,525","35,23",SMA
956,40306507,SMAS KRISTEN BARANA,Sulawesi Selatan,"511,706","657,813","394,585","48,74",SMA
957,10401526,SMAN 1 RENGAT,Riau,"511,62","621,7","431,513","43,82",SMA
958,20107589,SMAS GLOBAL ISLAMIC SCHOOL,DKI Jakarta,"511,54","589,92","435,435","38,25",SMA
959,30105462,SMAS SANTO IGNASIUS SINGKAWANG,Kalimantan Barat,"511,502","616,783","420,443","47,5",SMA
960,20364919,MAS WATHONIYAH ISLAMIYAH KEBARONGAN,Jawa Tengah,"511,502","603,335","411,433","35,65",MA
961,20401129,SMAN 1 NGAGLIK,DI Yogyakarta,"511,438","573,983","454,788","26,38",SMA
962,20101499,SMKN 45 JAKARTA,DKI Jakarta,"511,424","585,678","435,113","32,09",SMK
963,20532238,SMAN 14 SURABAYA,Jawa Timur,"511,367","600,358","425,08","33,12",SMA
964,20227827,SMA TERPADU BAITURRAHMAN,Jawa Barat,"511,31","605,77","436,6","33,81",SMA
965,10801972,SMAS SUGAR GROUP B MATARAM,Lampung,"511,307","627,755","428,26","43,05",SMA
966,50201391,SMAN 1 PRAYA,Nusa Tenggara Barat,"511,293","632,583","409,418","38,92",SMA
967,20102579,SMKN 6 JAKARTA,DKI Jakarta,"511,28","614,578","430,853","32,66",SMK
968,20525600,SMAN 2 GENTENG,Jawa Timur,"511,254","595,483","408,715","37,51",SMA
969,20219233,SMAN 26 BANDUNG,Jawa Barat,"511,228","620,418","422,07","41,19",SMA
970,20102215,SMAN 32 JAKARTA,DKI Jakarta,"511,222","634,315","413,548","34,8",SMA
971,30300697,SMAN 1 PELAIHARI,Kalimantan Selatan,"511,222","591,673","427,498","34,84",SMA
972,69857938,SMAN 12 KOTA DEPOK,Jawa Barat,"511,219","618,803","368,718","38,76",SMA
973,20537286,SMKN 1 BOYOLANGU,Jawa Timur,"511,218","618,44","418,45","37,38",SMK
974,20323503,SMA NEGERI 1 WIRADESA,Jawa Tengah,"511,194","607,5","396,715","42,71",SMA
975,69977033,SMA Islam Al Azhar 19,DKI Jakarta,"511,135","603,47","427,203","44,27",SMA
976,20321835,SMAN 1 SUKOREJO,Jawa Tengah,"511,107","618,938","433,595","35,48",SMA
977,20400375,SMA NEGERI 1 PLERET,DI Yogyakarta,"511,081","591,375","444,258","27,36",SMA
978,69830492,SMA SULTHON AULIA BOARDING SCHOOL,Jawa Barat,"511,075","614,733","422,498","38,54",SMA
979,20339018,SMA NEGERI 1 JAKENAN,Jawa Tengah,"511,031","637,838","439,213","36,69",SMA
980,20315660,SMK NEGERI 1 REMBANG,Jawa Tengah,"511,01","579,325","443,058","33,05",SMK
981,20554539,SMAS BRAWIJAYA SMART SCHOOL,Jawa Timur,"510,989","626,183","432,905","40,8",SMA
982,20532211,SMKN 5 SURABAYA,Jawa Timur,"510,942","615,405","438,295","34,03",SMK
983,20103791,SMKN 10 JAKARTA,DKI Jakarta,"510,922","610,568","444,038","34,44",SMK
984,20321974,SMAN 1 BOJA,Jawa Tengah,"510,873","608,013","414,56","34,89",SMA
985,20327971,SMAN 6 SURAKARTA,Jawa Tengah,"510,856","603,275","393,62","33,14",SMA
986,20103313,SMAN 50 JAKARTA,DKI Jakarta,"510,856","583,073","428,385","31,31",SMA
987,40311889,SMAN 2 MAKASSAR,Sulawesi Selatan,"510,826","626,8","413,2","42,82",SMA
988,20533610,SMAS LABORATORIUM UM,Jawa Timur,"510,71","614,638","416,518","35,49",SMA
989,20411874,SMA ALI MAKSUM,DI Yogyakarta,"510,666","586,083","416,52","38,98",SMA
990,20311332,SMAN 1 WURYANTORO,Jawa Tengah,"510,625","628,033","419,43","37,62",SMA
991,20527237,SMAN 3 PAMEKASAN,Jawa Timur,"510,62","632,448","412,173","43,17",SMA
992,10498808,MAN 1 PEKANBARU,Riau,"510,618","632,508","416,953","40,66",MA
993,20107305,SMA ISLAM AL-AZHAR 2 JAKARTA,DKI Jakarta,"510,589","616,92","427,798","36,26",SMA
994,30315148,MAN 1 TAPIN,Kalimantan Selatan,"510,575","586,553","426,458","45,98",MA
995,10210743,SMAS KRISTEN KALAM KUDUS,Sumatera Utara,"510,536","591,185","418,87","41,95",SMA
996,50105600,MAN 1 JEMBRANA,Bali,"510,532","621,463","413,753","40,98",MA
997,20542523,SMK NEGERI 1 POGALAN,Jawa Timur,"510,524","631,823","437,518","33,66",SMK
998,20220337,SMAN 8 BOGOR,Jawa Barat,"510,518","625,903","415,855","38,94",SMA
999,20238003,SMAS AL - MUSLIM,Jawa Barat,"510,514","626,9","399,533","46,99",SMA
1000,20606846,SMAN 4 TANGERANG,Banten,"510,509","633,125","428,955","38,39",SMA